id,firstname,lastname,dob,gender,ssn,class,section,classroom,specialization
1,Phyllys,Minithorpe,2004/11/11,F,5108757699172529,3,PL,Crimson,Khaki
2,Idell,Jouannin,2012/08/25,F,3554464078958248,2,PT,Teal,Puce
3,Olive,Lambswood,2018/01/02,F,560223499332645892,4,ID,Goldenrod,Maroon
4,Son,Enderle,2008/01/06,M,5443491690632380,3,NE,Orange,Mauv
5,Gaylor,Kees,2014/12/17,M,3563029864543576,3,CZ,Khaki,Puce
6,Delmor,Biglin,2016/12/27,M,3559332378473629,4,ID,Teal,Pink
7,Krissie,Woodage,2004/03/18,F,3564656709712880,1,GR,Khaki,Puce
8,Tessy,Filippozzi,2006/05/16,F,3542671884554202,3,CN,Turquoise,Green
9,Jon,Sykora,2019/06/04,M,5602212059753519,3,FR,Teal,Red
10,Neel,Arcase,2011/11/09,M,5010121760722091,5,AZ,Pink,Indigo
11,Ricky,Reasun,2009/07/12,F,677129571552459761,5,BR,Mauv,Indigo
12,Heath,Wasbrough,2008/12/05,F,5395781060958003,3,ID,Maroon,Yellow
13,Clemens,Bockler,2006/12/14,M,4017956347892,5,BG,Maroon,Blue
14,Yankee,Orrow,2015/03/31,M,3588329072574285,1,PL,Turquoise,Violet
15,Enoch,Gosnold,2009/07/29,M,337941118013035,2,TH,Goldenrod,Goldenrod
16,Jillie,Camings,2009/08/28,F,3554283239240183,1,HN,Pink,Mauv
17,Winfield,Togwell,2015/10/21,M,3528244232244922,1,AM,Goldenrod,Fuscia
18,Gradey,Blinder,2013/09/20,M,50206082002925142,3,CA,Indigo,Indigo
19,Dennie,Bahl,2006/09/10,F,4175006539457356,1,JP,Purple,Maroon
20,Jesse,McPhelim,2012/03/17,F,6397775777830774,5,TT,Aquamarine,Fuscia
21,Isaiah,Warricker,2016/09/27,M,3551422073159355,5,ID,Crimson,Puce
22,Sarajane,Grouer,2004/02/16,F,3552592330968340,5,ID,Orange,Indigo
23,Gregoor,Guage,2010/03/16,M,3546131576757452,5,CN,Fuscia,Crimson
24,Letitia,Shalliker,2013/08/14,F,560222165001681689,1,IL,Mauv,Blue
25,Rosene,Rudolph,2019/07/17,F,3577235498313534,1,PH,Orange,Purple
26,Chadwick,Scandrett,2009/05/06,M,374288950622547,3,PE,Fuscia,Orange
27,Klaus,Blackburne,2005/03/29,M,3588811666547991,1,NA,Maroon,Violet
28,Corena,Tearney,2008/12/01,F,5048370501158232,4,VN,Orange,Red
29,Jolie,Baird,2019/09/02,F,6399756493966637,1,ID,Blue,Yellow
30,Konstantine,Meadowcraft,2015/10/06,M,3587805161292609,1,JP,Maroon,Puce
31,Emlyn,Jura,2008/01/09,M,337941685707092,5,PH,Red,Yellow
32,Eb,Blackmore,2019/04/08,M,3564923532513905,5,FR,Blue,Teal
33,Giavani,Jurasz,2017/07/02,M,3558238476152349,2,CO,Goldenrod,Turquoise
34,Morty,Rushbrook,2019/11/18,M,201807553087490,3,ID,Crimson,Indigo
35,Rourke,Milliere,2019/08/06,M,3553484580897545,1,ID,Maroon,Orange
36,Wilek,Royl,2010/05/23,M,630469222024046276,5,CN,Puce,Maroon
37,Mikael,Stolte,2005/10/30,M,56022104266560685,2,FR,Puce,Maroon
38,Angus,Land,2015/06/30,M,5048377242510704,2,SE,Indigo,Puce
39,Madelyn,Boman,2006/11/30,F,3536192338891163,2,FR,Maroon,Red
40,Arman,Rosenthal,2020/03/22,M,4913191574248055,4,ID,Khaki,Fuscia
41,Braden,Costy,2019/04/24,M,5020208374301296374,4,FR,Teal,Turquoise
42,Caye,Ida,2016/01/04,F,677160294843668765,3,MK,Puce,Yellow
43,Gunar,Passo,2011/06/04,M,3557716778593493,3,RU,Violet,Fuscia
44,Morley,Keeney,2005/01/24,M,5602220754795447758,5,NO,Khaki,Purple
45,Justus,Rudolph,2005/07/12,M,6331108585503673,3,AL,Violet,Green
46,Prescott,Ingram,2013/06/21,M,3534974598339773,3,BR,Blue,Khaki
47,Malinde,Grist,2018/01/10,F,5100172820071020,1,BR,Mauv,Mauv
48,Ferrell,Turneaux,2019/02/06,M,201770823266650,1,SE,Violet,Turquoise
49,Sara,Hartley,2015/03/10,F,3581670588258450,1,NI,Khaki,Turquoise
50,Lurline,Cowlin,2004/07/27,F,3528084879871516,3,CN,Turquoise,Orange
51,Chrissy,Pimley,2012/09/28,M,4041594134558886,5,PL,Purple,Yellow
52,Elke,Girton,2019/02/05,F,5020073190674954,1,CZ,Aquamarine,Crimson
53,Ginni,Fargher,2019/07/07,F,5602240051231887,2,PL,Red,Indigo
54,Hilario,Hagerty,2008/09/10,M,3551940852058969,2,NG,Maroon,Mauv
55,Evelin,Spellman,2018/04/12,M,3532081817136766,4,NP,Indigo,Blue
56,Caldwell,Witten,2019/12/17,M,4175008245135789,4,NG,Purple,Blue
57,Godwin,Bottelstone,2020/08/23,M,3556735898156271,2,SY,Khaki,Fuscia
58,Killie,Tryhorn,2011/04/20,M,30560268700082,4,CN,Khaki,Orange
59,Chrisse,Slewcock,2006/11/20,M,67065460817473918,3,CN,Fuscia,Yellow
60,Harrietta,Leachman,2010/06/16,F,4026415039171998,4,AF,Blue,Goldenrod
61,Dane,Berceros,2014/04/29,M,3577367597500073,3,CN,Crimson,Orange
62,Yehudi,Inchan,2015/12/20,M,3537997196036282,2,FR,Crimson,Yellow
63,Clarey,Ledley,2014/10/31,F,3563660847471418,2,CN,Orange,Khaki
64,Baudoin,Wogdon,2015/09/29,M,3553336398840911,5,NL,Goldenrod,Turquoise
65,Jeremiah,O'Keeffe,2007/05/10,M,3570322079397974,1,MK,Teal,Goldenrod
66,Taffy,Aimable,2009/03/20,F,5602213441809795,2,RU,Aquamarine,Orange
67,Vinnie,Bridal,2012/08/09,M,3543348161066932,5,CN,Violet,Aquamarine
68,Court,Foyle,2013/07/08,M,633382031303123591,3,TH,Teal,Fuscia
69,Dotty,Kipping,2011/04/12,F,5253018430695986,2,PH,Khaki,Purple
70,Dexter,Gosneye,2005/05/06,M,5010122241342087,1,RU,Red,Turquoise
71,Abramo,O'Curneen,2016/08/12,M,3541397979914652,1,NG,Teal,Indigo
72,Frederik,Winterflood,2012/03/17,M,3531290752970805,2,LT,Green,Fuscia
73,Sheela,Goodship,2011/03/06,F,5108751685546143,2,CZ,Red,Red
74,Cherrita,Espinas,2003/12/10,F,30162922964921,5,IR,Mauv,Teal
75,Gretta,Ladbrooke,2004/04/04,F,3587648726908818,2,ID,Mauv,Fuscia
76,Humfrey,Dohrmann,2018/11/04,M,6394856907598573,1,BR,Teal,Turquoise
77,Haley,Greenfield,2020/08/11,F,3575674425916294,4,RU,Khaki,Aquamarine
78,Spence,Crasswell,2018/01/14,M,3577789663628829,1,CN,Crimson,Red
79,Sarge,Creaser,2018/09/25,M,3539614322626021,3,GB,Purple,Pink
80,Angelia,Jelleman,2005/10/13,F,5018226975179514508,1,GT,Turquoise,Purple
81,Rubina,Casin,2011/03/28,F,5100178116886781,2,GR,Orange,Violet
82,Gray,Deppe,2014/06/15,F,3556604865850243,1,KZ,Yellow,Blue
83,Brigida,Tarbath,2007/04/14,F,3577488431339740,1,BF,Crimson,Pink
84,Jule,Atkyns,2006/06/08,M,5576932252421216,4,BH,Orange,Mauv
85,Filia,Pidcock,2017/04/02,F,3538529470183552,3,CN,Violet,Mauv
86,Bowie,Wabe,2013/12/17,M,676376070329710830,1,CN,Red,Violet
87,Eward,Chetham,2009/02/03,M,5602237725913212374,3,PH,Teal,Yellow
88,Babara,Spitaro,2004/05/07,F,5418347632118766,2,CN,Goldenrod,Puce
89,Odelle,Sewall,2008/08/30,F,3561428126237187,5,FR,Green,Maroon
90,Nelle,Secret,2004/07/07,F,3586746197408242,2,PH,Red,Indigo
91,Blondell,Madgett,2008/06/09,F,3555667373419513,4,SE,Green,Maroon
92,Juditha,Lamp,2009/08/15,F,3528737911680118,2,FR,Aquamarine,Khaki
93,Nonah,Fulep,2003/04/11,F,502013116211110527,4,CN,Pink,Yellow
94,Dar,Klich,2018/09/09,M,560225369009484032,4,RU,Turquoise,Turquoise
95,Gerianna,Grube,2016/10/17,F,3572615732094922,3,ID,Fuscia,Turquoise
96,Tallie,Cordelle,2006/06/11,M,3539180894821895,5,AF,Green,Fuscia
97,Huntington,Igoe,2015/01/15,M,3570395440104428,5,CN,Teal,Aquamarine
98,Garrard,Menpes,2015/01/14,M,6389176788796676,1,GR,Puce,Green
99,Frederica,Syddie,2020/11/05,F,201668269392008,5,BR,Maroon,Aquamarine
100,Berk,McCloughen,2005/07/02,M,3537683886428878,2,TH,Blue,Fuscia
101,Aida,Kubczak,2012/03/18,F,3569523893482867,1,ID,Maroon,Mauv
102,Waldo,Poli,2003/09/03,M,3583120757676189,4,ID,Khaki,Yellow
103,Athene,Ector,2002/12/15,F,3551047421422195,3,CO,Indigo,Crimson
104,Leopold,Kennally,2007/05/16,M,3559040803586184,1,ID,Blue,Orange
105,Chandal,Davidovics,2009/05/05,F,4041596108183,1,CN,Maroon,Indigo
106,Jan,Kumaar,2004/07/31,F,6333976937546972,4,ID,Pink,Maroon
107,Aymer,Jiroutka,2011/01/08,M,5002350903913438,5,CU,Green,Turquoise
108,Florian,Landrieu,2010/12/05,M,3552556017690014,4,US,Blue,Mauv
109,Berrie,Plaskitt,2020/05/09,F,3569868672124812,1,PH,Indigo,Violet
110,Joelle,Rampley,2014/12/16,F,5010123943817541,3,TH,Crimson,Goldenrod
111,Evaleen,Coggill,2013/02/03,F,3529552776829745,2,TH,Goldenrod,Mauv
112,Kliment,Kilborn,2008/08/11,M,30552883003844,4,ID,Teal,Puce
113,Myranda,Petticrow,2014/08/02,F,201873198660265,2,FR,Aquamarine,Mauv
114,Staci,Thresher,2018/05/19,F,3556570762016594,1,CN,Yellow,Violet
115,Julietta,Pallent,2020/11/05,F,5247431812578564,5,TH,Puce,Crimson
116,Bradan,Spellard,2019/07/08,M,5100136161569132,5,BW,Mauv,Crimson
117,Cyndie,Velden,2008/02/01,F,5100178953383793,5,KW,Goldenrod,Yellow
118,Kristos,Radden,2013/03/03,M,5610589328827673,2,RU,Puce,Red
119,Ricard,Predohl,2005/03/17,M,3561104922576801,1,JP,Purple,Blue
120,Zara,Fidgeon,2018/12/13,F,30473979653675,2,ES,Purple,Indigo
121,Christos,McEllen,2003/03/16,M,201664309169886,3,AR,Orange,Goldenrod
122,Tim,Chessell,2008/03/03,F,3545738316028431,1,ID,Crimson,Blue
123,Stephan,Marder,2005/06/25,M,3589986011603282,1,HN,Pink,Pink
124,Madonna,McGowing,2019/07/17,F,3551168246461752,3,ID,Violet,Goldenrod
125,Reade,Hadland,2015/11/28,M,3572126324740773,5,FR,Blue,Pink
126,Devi,Darnbrough,2017/02/07,F,67623435908656352,2,MA,Mauv,Purple
127,Finlay,Clampton,2004/04/22,M,3542694540221537,4,GR,Red,Indigo
128,Cary,Chinge,2014/09/22,F,341253309478629,2,CN,Goldenrod,Aquamarine
129,Lisha,Petrushka,2012/10/17,F,6393190034220377,4,YE,Violet,Violet
130,Stavro,Falconer-Taylor,2006/12/28,M,4905272382629650,3,PL,Crimson,Blue
131,Obed,Lygoe,2017/05/15,M,56102710330481196,1,PE,Red,Maroon
132,Wanids,Rosone,2016/07/24,F,30564313815903,5,SE,Red,Turquoise
133,Emily,Wardhaugh,2019/11/05,F,5020073582560956130,1,CN,Khaki,Khaki
134,Llywellyn,Tissell,2014/08/21,M,5463087063770057,5,AR,Pink,Blue
135,Dale,Headington,2006/05/12,F,3534219917307477,4,CN,Violet,Turquoise
136,Geoff,Willatt,2020/07/07,M,36872889783148,4,PL,Khaki,Maroon
137,Rance,McVicker,2007/04/03,M,3560452329246481,4,AL,Violet,Turquoise
138,Egon,Senten,2008/09/22,M,3529307488309381,4,ID,Green,Turquoise
139,Brandie,Levane,2018/03/19,F,3583026910842966,2,RU,Crimson,Crimson
140,Marian,Butterfield,2005/05/27,F,374288972969041,3,TH,Blue,Violet
141,Conroy,Fewlass,2017/04/12,M,201535565279355,2,VN,Puce,Teal
142,Des,Sprigin,2014/05/13,M,201575422666527,1,RS,Red,Khaki
143,Odette,Varden,2019/10/21,F,36068162641679,4,CN,Yellow,Green
144,Andriana,Bleythin,2006/02/10,F,3552642006694876,3,JP,Pink,Pink
145,Wendye,Bedburrow,2020/04/10,F,4175000587570749,5,RU,Red,Yellow
146,Wenda,Papa,2006/08/17,F,4041595352758,2,RS,Purple,Violet
147,Mendel,Chillingworth,2008/04/26,M,30366492661094,2,RU,Maroon,Goldenrod
148,Iver,Goodman,2006/11/08,M,3544889230380811,2,PT,Fuscia,Orange
149,Wolfgang,Berre,2020/08/05,M,3570531013771371,1,CN,Purple,Crimson
150,Niel,Darey,2006/11/24,M,5160459621583932,1,CN,Pink,Teal
151,Calli,Nalder,2005/06/02,F,5463555955302775,2,SV,Goldenrod,Aquamarine
152,Diarmid,Breedy,2011/11/16,M,3530630204889221,4,IL,Khaki,Blue
153,Yves,Caws,2003/06/23,M,5602224808396621306,5,SS,Fuscia,Yellow
154,Alvinia,Dobeson,2012/12/04,F,4844118030181103,5,CN,Red,Red
155,Paton,Faulkner,2004/02/07,M,201523839266416,1,CN,Crimson,Purple
156,Malva,Brolan,2008/07/01,F,3561246365906910,2,TH,Red,Aquamarine
157,Boycey,Brigg,2019/08/21,M,3586196009186208,5,RS,Fuscia,Crimson
158,Noella,Jolin,2020/06/01,F,5602251791710197,1,CO,Red,Puce
159,Louella,Lago,2010/03/13,F,5048374323549552,3,TH,Mauv,Teal
160,Valdemar,Greene,2009/07/28,M,4903141376379086130,2,MM,Khaki,Pink
161,Olimpia,Ikringill,2018/12/12,F,3547444906368828,3,ID,Aquamarine,Blue
162,Lanae,Walrond,2003/11/19,F,3571914581136376,2,ID,Goldenrod,Goldenrod
163,Deb,Snugg,2015/09/13,F,3548090514076243,3,ID,Crimson,Red
164,Thedric,Irvine,2015/12/13,M,5610951275311509,5,ZA,Khaki,Crimson
165,Rosalinde,Conen,2003/10/28,F,30578997703151,2,CN,Crimson,Crimson
166,Dev,MacManus,2020/06/30,M,560223187628606781,1,SY,Teal,Maroon
167,Lulu,Toothill,2005/09/27,F,3538759886258389,3,EC,Indigo,Teal
168,Francisca,Dawidowicz,2010/10/10,F,3541838955491595,1,ID,Indigo,Violet
169,Marchall,Iacovino,2010/11/15,M,4917538272660625,4,PL,Violet,Puce
170,Melosa,Ladell,2012/08/05,F,3560513060123724,1,ID,Green,Red
171,Lorilee,Brock,2008/10/27,F,5100178964733275,1,PH,Blue,Violet
172,Aymer,Vegas,2009/01/09,M,5010121619274575,1,PE,Pink,Aquamarine
173,Gae,Dorrell,2011/08/17,F,3573058892814582,1,BR,Violet,Orange
174,Paton,Pervew,2006/07/13,M,4911772546366869,4,PH,Red,Teal
175,Koressa,Gerrill,2011/04/14,F,589356610980961583,4,CN,Maroon,Yellow
176,Vivyanne,Nutty,2020/08/07,F,3558187175027221,2,PT,Orange,Green
177,Archambault,Redhole,2010/01/12,M,564182197441031472,3,MX,Blue,Orange
178,Sargent,Paling,2016/09/08,M,3566523540525145,5,NO,Maroon,Puce
179,Missie,MacAdam,2003/01/17,F,3555688312774651,5,RU,Blue,Fuscia
180,Eugenio,Spender,2008/10/24,M,5007660499597444,3,JP,Goldenrod,Green
181,Delainey,Dufaur,2010/09/09,M,6762916297152698886,4,ID,Fuscia,Green
182,Kerwin,Stilwell,2018/11/19,M,374288458112165,1,PT,Yellow,Orange
183,Oswald,Todaro,2012/06/06,M,4508083229172353,1,KM,Green,Crimson
184,Alexander,Tregear,2005/11/15,M,5602228148610577,2,BR,Puce,Maroon
185,Calla,Gollard,2008/03/16,F,3589548339512775,5,US,Khaki,Aquamarine
186,Gonzales,Trask,2015/02/03,M,3534250620136762,4,ID,Purple,Violet
187,Lise,Crafts,2017/02/07,F,5318806541258907,2,RU,Maroon,Khaki
188,Chloris,Angove,2015/06/07,F,3575366303978211,3,CN,Aquamarine,Yellow
189,Ardyce,Grishelyov,2005/05/10,F,3589668844198587,2,CN,Khaki,Red
190,Karly,Gianiello,2004/09/03,F,4041594693434,5,SS,Orange,Crimson
191,Ilaire,Isted,2011/09/25,M,3585744820679397,1,CN,Indigo,Red
192,Jermayne,Treversh,2003/02/11,M,3560078312153317,3,CN,Orange,Pink
193,Gayla,Beininck,2005/10/07,F,5602238829970518233,3,ID,Purple,Aquamarine
194,Hiram,Meatcher,2008/02/06,M,3562361875897308,4,ER,Violet,Red
195,Don,Ghirardi,2014/06/08,M,3572256262665045,1,BR,Pink,Orange
196,Goldi,Baumaier,2013/04/17,F,3567522474017920,1,PE,Blue,Yellow
197,Dareen,M'Quharg,2019/12/25,F,3582776434700576,2,ID,Goldenrod,Violet
198,Randolph,Barnardo,2015/04/18,M,3535147535974072,5,BA,Purple,Khaki
199,Margi,Millership,2005/10/20,F,5489936157490065,2,PT,Goldenrod,Purple
200,Imojean,Lathbury,2018/01/13,F,5048370919519348,2,CN,Yellow,Blue
201,Suellen,Chapleo,2016/09/02,F,560223680898345999,5,CA,Turquoise,Maroon
202,Alis,Kynett,2005/01/06,F,3551399309379918,1,NI,Green,Puce
203,Leon,Crudge,2006/02/09,M,5641829130007558,5,PL,Indigo,Maroon
204,Luke,Dickens,2004/04/12,M,3586983541596055,1,HT,Violet,Red
205,Fionnula,Segeswoeth,2012/02/26,F,3550964635251510,5,NL,Crimson,Orange
206,Hadlee,Roches,2007/12/02,M,56100914336285765,2,ID,Aquamarine,Turquoise
207,Tina,Westrope,2018/03/17,F,3535358729687012,5,FR,Red,Purple
208,Ricki,Succamore,2004/05/28,M,3578882051605266,2,RU,Purple,Blue
209,Nathanil,Venditto,2018/06/30,M,6759391755469676,3,PH,Yellow,Teal
210,Clarence,Silbermann,2020/07/09,M,3536172651597415,5,PH,Fuscia,Orange
211,Joni,McCloid,2006/10/22,F,374288383586228,3,FR,Teal,Orange
212,Duff,Grayley,2003/10/23,M,5602225059515688,3,FR,Orange,Teal
213,Sephira,Kupis,2016/01/17,F,5602259150651985,1,ID,Goldenrod,Khaki
214,Tucky,Isacq,2008/11/03,M,5602232819663990209,1,ID,Puce,Teal
215,Octavius,De La Hay,2011/06/03,M,5602259271392121,3,CN,Turquoise,Indigo
216,Steven,Butterick,2013/12/31,M,633410717737724832,2,IT,Violet,Yellow
217,Yolande,Giffard,2006/06/09,F,5554652253210105,3,LK,Blue,Orange
218,Sasha,Avraham,2009/11/01,M,374283342497104,2,PT,Khaki,Maroon
219,Molly,Dougliss,2020/08/28,F,3550498705278525,1,PH,Blue,Teal
220,Cammy,Anthoney,2016/08/23,M,4508475213197430,5,HN,Teal,Fuscia
221,Mada,Exeter,2008/07/11,F,3531145070546747,2,LK,Aquamarine,Purple
222,Gratia,Farfoot,2019/08/11,F,4405801729489413,5,FR,Purple,Puce
223,Berry,Kondratovich,2010/04/12,F,3558768837552167,4,ID,Fuscia,Fuscia
224,Rivi,Sharpus,2012/07/18,F,3555157147644422,1,PT,Maroon,Green
225,Caesar,Willatt,2015/02/05,M,3575968770215652,4,RU,Violet,Puce
226,Frankie,Perfect,2016/05/07,F,3564688183278864,3,CN,Violet,Pink
227,Barnabas,Rumens,2012/08/21,M,5602238393022535,2,TZ,Blue,Orange
228,Nadia,Hawtin,2002/12/16,F,3541663858677896,1,SE,Red,Pink
229,Nels,Jenicke,2010/08/31,M,3531296931792028,2,CN,Orange,Blue
230,Tasha,Bruins,2004/11/14,F,5100142884947506,3,JP,Green,Aquamarine
231,Odie,Weond,2007/04/13,M,3539737264110959,2,GT,Orange,Red
232,Judie,Charon,2019/11/12,F,67096731552697561,1,VN,Violet,Blue
233,Mirilla,Feare,2005/11/04,F,3563991870899930,4,CN,Aquamarine,Maroon
234,Kali,Ginnaly,2018/04/04,F,561078449643611202,1,CN,Aquamarine,Goldenrod
235,Darcey,Brudenell,2019/09/13,F,3529275517700476,5,MZ,Blue,Teal
236,Johnette,Dunseith,2010/08/04,F,3579483903566951,5,PH,Puce,Goldenrod
237,Stillmann,Greatrex,2012/02/11,M,3563955583508518,2,CI,Turquoise,Red
238,Onfroi,Talby,2010/09/06,M,6767971338556420815,1,PT,Aquamarine,Khaki
239,Babara,Crompton,2019/06/03,F,3566162884894047,5,FR,Indigo,Goldenrod
240,Alexandrina,Eddowis,2007/11/13,F,3573187887965891,5,SE,Fuscia,Maroon
241,Richmond,Normaville,2009/05/27,M,3561240059084167,3,PT,Goldenrod,Mauv
242,Giovanna,Chanson,2010/01/29,F,3559889980520832,4,ID,Pink,Teal
243,Isadore,Bruhnsen,2014/12/14,M,3540263463680475,4,BG,Purple,Aquamarine
244,Sergent,Clohissy,2020/07/06,M,3570633083443947,4,LB,Violet,Blue
245,Bridgette,Durrans,2010/02/12,F,3543375427717255,1,ID,Blue,Aquamarine
246,Hashim,Surgen,2016/07/16,M,4508750358859550,1,TZ,Orange,Violet
247,Tailor,Gabbatiss,2009/08/19,M,3581316760473596,4,CN,Red,Teal
248,Keary,Bogges,2013/10/12,M,4041596469619845,5,MN,Indigo,Pink
249,Rees,Merton,2007/11/02,M,4917448604114848,1,ID,Indigo,Aquamarine
250,Kiersten,Shipcott,2008/01/28,F,3544360988022039,2,US,Blue,Khaki
251,Brigg,Valintine,2016/08/20,M,4041599067030,1,PL,Crimson,Teal
252,Oberon,Eldered,2019/12/17,M,30060336437650,2,FI,Yellow,Mauv
253,Tamas,Druce,2014/10/22,M,6380336304714616,5,CN,Khaki,Pink
254,Vinson,Dunkerley,2006/09/14,M,3537232815447367,5,CN,Green,Orange
255,Marga,Ambage,2020/11/06,F,4041373854595,1,CA,Puce,Fuscia
256,Tyler,Pocke,2006/11/17,M,3556357113773002,5,PL,Orange,Fuscia
257,Fernande,Lile,2003/10/09,F,63041202258096024,4,BR,Crimson,Khaki
258,Burlie,Fearnyhough,2017/11/20,M,676263985295130802,4,CN,Indigo,Fuscia
259,Orelie,Campione,2013/11/11,F,491140746109334961,3,CN,Yellow,Green
260,Ranice,Gawthorpe,2016/04/30,F,4913735887015260,4,TD,Indigo,Teal
261,Nessa,Schoular,2011/12/20,F,633476302259739053,2,RU,Mauv,Violet
262,Bartlett,Caroll,2018/08/15,M,3545075558189898,4,TH,Aquamarine,Blue
263,Erin,Haken,2010/10/17,F,343808198112551,5,CL,Mauv,Violet
264,Codee,MacPherson,2007/10/18,F,5586387636339337,2,CN,Khaki,Puce
265,Velma,Conelly,2013/05/12,F,6373181300603192,1,SE,Mauv,Yellow
266,Fredrick,Stott,2005/04/19,M,6759479795566823,1,CN,Turquoise,Purple
267,Essy,Gusney,2016/09/30,F,3558589587052517,3,CN,Violet,Red
268,Justina,Canario,2010/11/04,F,4061627315376572,2,NL,Turquoise,Yellow
269,Lorrie,Johannes,2010/09/05,F,6759843718255646914,5,TZ,Maroon,Khaki
270,Kermit,Pickwell,2008/12/24,M,341228449961379,4,SI,Goldenrod,Pink
271,Andrei,Rizzello,2005/09/22,F,676707400204382951,1,PL,Teal,Turquoise
272,Port,Lowmass,2003/08/19,M,5602242107221052,3,PK,Maroon,Purple
273,Gisella,Goucher,2009/05/24,F,5100147245429961,5,CN,Teal,Green
274,Kendell,Josipovic,2012/05/19,M,3577605621659526,2,RU,Pink,Turquoise
275,Berny,Stanyer,2010/06/28,M,6762941889092946,4,CN,Orange,Fuscia
276,Bambie,Greenough,2005/03/13,F,3581674146761278,4,AR,Blue,Crimson
277,Dar,Tibald,2014/07/07,M,3539770620159444,3,US,Pink,Purple
278,Alejoa,Corain,2006/09/29,M,58938963689624827,1,PH,Green,Khaki
279,Shurwood,Congram,2005/04/09,M,50204929962352497,4,CN,Aquamarine,Maroon
280,Emalia,Soppitt,2017/08/31,F,6763916295584297,5,PT,Fuscia,Orange
281,Querida,Pigdon,2012/03/23,F,4026807694319591,4,PH,Pink,Yellow
282,Ives,Crigin,2020/09/06,M,3548659192470066,3,PT,Turquoise,Mauv
283,Egor,Mandre,2008/04/18,M,3589135208241312,1,PL,Indigo,Khaki
284,Carie,Grinyer,2007/06/08,F,3533779729346907,1,CN,Yellow,Maroon
285,Porty,Mabb,2004/04/30,M,30160575638826,4,CM,Violet,Blue
286,Robinett,Fuentes,2016/07/24,F,375232466741945,3,BR,Goldenrod,Blue
287,Mellie,Firbank,2018/10/13,F,3569111577643127,2,NG,Turquoise,Teal
288,Guillermo,Staves,2016/12/04,M,5602210059069514,3,BR,Crimson,Crimson
289,Callida,Ruit,2018/06/09,F,3538221543656919,4,PL,Violet,Violet
290,Fredric,Pizer,2007/10/12,M,3535499613649245,5,AZ,Crimson,Fuscia
291,Meridith,Hanscom,2011/12/18,F,4041376285920,1,PL,Violet,Teal
292,Filip,Fareweather,2007/02/08,M,3574439556442192,1,AL,Turquoise,Goldenrod
293,Jenifer,Brazener,2010/09/10,F,3566655693400005,5,TN,Red,Teal
294,Chelsae,Mugg,2013/10/30,F,201965913598018,1,CN,Maroon,Crimson
295,Colet,Matous,2009/02/13,M,3577517466163755,4,IE,Crimson,Teal
296,Bartlett,Sicily,2011/05/30,M,6399628626255289,4,UA,Pink,Puce
297,Rudd,Simpson,2013/01/30,M,3581088149309607,5,CO,Pink,Khaki
298,Hew,Tripe,2007/04/27,M,3541253209724868,2,PH,Fuscia,Maroon
299,Normand,Yates,2013/07/02,M,376634533487601,1,PL,Mauv,Turquoise
300,Alexine,Elders,2012/06/02,F,5100148021035790,4,UA,Blue,Indigo
301,Kory,Benfell,2017/01/01,M,67622644257120875,2,BR,Red,Red
302,Shaylah,Francie,2008/07/28,F,3546879357765355,1,GR,Maroon,Fuscia
303,Bernadina,Lloyds,2009/03/11,F,50187200997783614,3,PH,Khaki,Maroon
304,Moina,Suche,2013/01/02,F,3530092140968165,3,FR,Red,Yellow
305,Jasen,Scatcher,2010/06/03,M,6377606941509586,4,NG,Khaki,Puce
306,Stanley,Dossetter,2009/11/09,M,3563221414483615,4,SY,Red,Orange
307,Agathe,Cammish,2005/03/07,F,3585139710314660,4,AR,Goldenrod,Crimson
308,Kain,Daybell,2007/11/19,M,589310549914922086,4,NZ,Goldenrod,Yellow
309,Margit,Wasiel,2016/01/13,F,30309268489993,1,CN,Khaki,Maroon
310,Binnie,Gyde,2007/06/10,F,5610969261352782,3,ID,Purple,Puce
311,Sapphire,Nares,2010/12/22,F,5100148607814899,4,CN,Orange,Pink
312,Dagny,Viollet,2017/11/08,M,676216668682631800,1,MK,Purple,Indigo
313,Rancell,Freke,2003/10/30,M,5379263301611204,5,SY,Maroon,Indigo
314,Allys,Fleisch,2020/02/11,F,3529314228011376,1,ME,Pink,Fuscia
315,Aubree,Guymer,2006/06/11,F,5100170955898597,5,CN,Violet,Khaki
316,Franz,Duce,2012/03/03,M,3534030364725578,1,ID,Indigo,Mauv
317,Aubrey,Anderl,2011/12/10,M,3554951134930856,5,CN,Turquoise,Mauv
318,Gale,Rosoman,2019/02/21,F,3537508540335773,3,RS,Mauv,Yellow
319,Toddie,Baniard,2013/08/17,M,6767953364893867,4,UA,Turquoise,Red
320,Geoffrey,Doorbar,2017/09/12,M,5007669971098417,4,ID,Indigo,Pink
321,Carolin,Hanselmann,2012/08/26,F,3562985544534783,1,PH,Crimson,Goldenrod
322,Domenico,Tiesman,2008/04/23,M,3548465913496202,2,KZ,Khaki,Blue
323,Lida,Licciardi,2013/03/09,F,3570787935083168,5,ID,Green,Mauv
324,Loretta,Rispine,2004/12/30,F,6334763565375517881,3,CN,Blue,Red
325,Kellina,Yele,2008/04/14,F,6706817774835111,4,US,Pink,Mauv
326,Archibaldo,Newart,2019/05/18,M,5414401062318331,3,FR,Goldenrod,Goldenrod
327,Fay,MacNeely,2010/11/25,F,5610737717366577,2,PL,Pink,Orange
328,Cherey,Harvard,2007/03/11,F,201409590468047,4,FR,Puce,Blue
329,Wallis,Daniele,2019/04/17,M,3544752373733826,4,CZ,Orange,Fuscia
330,Marshal,Champerlen,2006/07/23,M,3558246301516968,4,JP,Aquamarine,Violet
331,Frederique,Guillard,2018/09/02,F,3575933401798153,2,RU,Red,Violet
332,Roby,Pidgeley,2009/09/09,F,4017956209199518,1,ID,Pink,Khaki
333,Brigitta,Wisam,2013/03/17,F,560224986832262672,4,CN,Red,Teal
334,Griff,Bellard,2011/10/03,M,3562370656577336,4,BR,Mauv,Yellow
335,Sutherlan,Duthie,2003/04/08,M,50386149507054462,4,MA,Aquamarine,Fuscia
336,Clari,Mackness,2005/02/18,F,6331105531338246,1,FR,Red,Violet
337,Artie,Ianetti,2006/03/09,M,3551187663272757,2,CN,Turquoise,Fuscia
338,Ronald,Francais,2012/01/24,M,374283459857132,3,MW,Goldenrod,Orange
339,Kerwin,Conneely,2018/04/07,M,50181167633331379,5,CN,Goldenrod,Blue
340,Darcee,Hurren,2010/02/25,F,374622915750151,3,NO,Turquoise,Yellow
341,Abbye,Fere,2006/04/17,F,6334298668603755291,1,ID,Yellow,Blue
342,Felecia,Hoffmann,2017/03/22,F,36035432431017,3,YE,Mauv,Green
343,Jillie,Summerton,2012/01/09,F,5602222764681018520,3,PT,Turquoise,Puce
344,Stafford,Zupone,2020/10/14,M,501822547340197824,1,PL,Purple,Maroon
345,Sanson,Camis,2019/08/19,M,4026821776081151,5,PL,Orange,Aquamarine
346,Jonie,Huggins,2003/10/23,F,3549569692217199,3,CN,Aquamarine,Maroon
347,Edmon,Burgoyne,2013/02/16,M,67714116167351220,4,BR,Goldenrod,Aquamarine
348,Theodora,Nimmo,2013/06/14,F,3567356100595722,3,CN,Blue,Yellow
349,Siward,Irvin,2011/11/05,M,341028234245842,5,CN,Teal,Green
350,Chet,Braferton,2015/12/01,M,3580189123189782,1,CN,Khaki,Pink
351,Hillier,Ulrik,2003/06/28,M,3564765472317544,4,ID,Indigo,Pink
352,Ilsa,Slaughter,2007/04/04,F,3546930516867333,2,GL,Teal,Fuscia
353,Elonore,Biasetti,2007/03/28,F,372164576210730,4,CN,Mauv,Pink
354,Shermie,Kristof,2006/07/23,M,5506899117327265,2,CN,Teal,Orange
355,Gunther,Fetherby,2003/04/17,M,5610886596397680,2,CN,Fuscia,Khaki
356,Alair,McFfaden,2007/07/25,M,5602237089139352179,4,CN,Khaki,Goldenrod
357,Linnie,Poyser,2006/08/12,F,501861965751510701,4,KE,Yellow,Pink
358,Christophe,Jebb,2010/08/26,M,3562962173991311,5,JP,Khaki,Aquamarine
359,Gerek,Sherar,2015/04/08,M,3567283389224503,3,KP,Orange,Purple
360,Romonda,McKmurrie,2012/03/08,F,3571752168875796,2,CN,Red,Violet
361,Dorothee,Kuschel,2018/09/11,F,3559992547245958,1,CN,Aquamarine,Aquamarine
362,Briney,Everitt,2009/02/20,F,503880987347493534,5,RU,Fuscia,Red
363,Kaela,Lucchi,2015/01/29,F,5602255203559407,3,RU,Yellow,Red
364,Beau,Scandroot,2006/10/07,M,4041599984540462,2,SD,Blue,Aquamarine
365,Ranique,Brocklesby,2012/06/02,F,3570979892459131,2,PH,Teal,Puce
366,Clim,Syalvester,2003/11/10,M,6334331752074420,2,ID,Yellow,Mauv
367,Jackie,Algate,2004/11/03,M,6392887534509750,3,MG,Aquamarine,Orange
368,Ernaline,Paaso,2009/01/09,F,5610493388213586765,4,CM,Indigo,Khaki
369,Antonietta,Fontin,2008/01/03,F,3553930547456080,2,CN,Purple,Maroon
370,Pepi,Tunder,2004/07/17,F,3549013305921400,2,PT,Orange,Mauv
371,Ginger,Plackstone,2019/08/10,M,3553941561585662,3,ID,Mauv,Crimson
372,Raynard,Adolfsen,2017/10/31,M,560223836665268497,3,MA,Puce,Blue
373,Izak,Werrilow,2009/02/06,M,3567259311971486,4,AR,Crimson,Khaki
374,Lenna,Hare,2020/06/25,F,5496139300971492,2,ID,Teal,Blue
375,Sibyl,Calton,2017/02/23,F,374622545283748,4,JP,Aquamarine,Red
376,Jasper,Joscelin,2019/06/20,M,4905979152183841164,1,CN,Crimson,Khaki
377,Verna,Teal,2016/05/19,F,561003416503307601,5,US,Pink,Goldenrod
378,Nessie,Tomovic,2006/07/18,F,6393933977001332,5,PL,Maroon,Pink
379,Basile,Chrishop,2016/03/29,M,3578835566799701,1,RU,Violet,Goldenrod
380,Brina,Hartrick,2003/09/28,F,675968106989236413,3,FR,Green,Turquoise
381,Crista,Algate,2019/11/30,F,6759328052491513124,3,KZ,Indigo,Maroon
382,Lebbie,Elmer,2018/07/19,F,560221292490705075,4,CR,Aquamarine,Khaki
383,Kai,Rosson,2017/05/21,F,5100170604599851,1,RU,Red,Indigo
384,Mariette,Doche,2008/06/25,F,67097450608634705,4,UA,Blue,Maroon
385,Laureen,Bourner,2003/08/20,F,5602242716514491,2,CN,Crimson,Turquoise
386,Muffin,Fordham,2009/08/10,M,3589130256369628,4,CN,Pink,Puce
387,Renelle,De Coursey,2009/01/19,F,5010122827755629,3,MY,Orange,Goldenrod
388,Julienne,Sharplin,2017/09/03,F,676335341600859475,5,BR,Purple,Blue
389,Karine,Forseith,2010/05/25,F,3530444715121144,1,CN,Fuscia,Blue
390,Vinny,Sainsberry,2008/02/22,M,5506648271766754,2,CN,Green,Red
391,Cathy,Kunz,2020/06/06,F,6334317847330000,4,CZ,Teal,Green
392,Jojo,Sicely,2003/05/17,F,67091714842706629,4,UA,Teal,Purple
393,Nora,Jackalin,2009/08/07,F,5545431900845296,1,BG,Indigo,Pink
394,Garrard,Valerio,2015/04/01,M,3548402515926898,4,NL,Blue,Green
395,Marco,Fronek,2016/08/16,M,3566696647328462,2,VN,Goldenrod,Goldenrod
396,Rickey,McLeoid,2020/06/13,M,3551430939528580,5,MN,Crimson,Red
397,Amerigo,Wilkison,2014/12/10,M,3571488721473551,5,CN,Maroon,Mauv
398,Othilie,Bern,2019/09/13,F,5503895792343729,2,DK,Mauv,Pink
399,Doyle,Kwietek,2005/08/26,M,374283009678095,3,YE,Purple,Orange
400,Vito,Azemar,2016/01/09,M,3559171089017980,4,ID,Mauv,Fuscia
401,Jyoti,Le Blond,2003/05/05,F,3556285110408993,2,ID,Fuscia,Aquamarine
402,Fawnia,Heavyside,2019/06/12,F,374622584003783,4,CN,Violet,Pink
403,Valentine,Bawcock,2017/01/26,F,5048372510437623,1,US,Orange,Crimson
404,Humbert,Rebeiro,2006/01/23,M,3544596911894743,4,RU,Crimson,Khaki
405,Neysa,Persich,2006/09/14,F,67623913175262567,2,CN,Teal,Puce
406,Rochette,Siebert,2016/07/09,F,3554061413311214,3,CN,Aquamarine,Maroon
407,Chicky,O'Fogerty,2013/11/17,M,3558397461208720,3,PS,Violet,Fuscia
408,Udale,Greenhowe,2003/05/19,M,6759469818328822,3,BR,Teal,Crimson
409,Roxane,Peddel,2005/04/14,F,372301290281007,2,CN,Teal,Goldenrod
410,Evangelina,De Matteis,2019/03/20,F,201543827230521,3,CZ,Blue,Turquoise
411,Nilson,Heed,2003/05/15,M,337941856296891,3,CN,Orange,Fuscia
412,Cariotta,Sim,2014/10/22,F,3544933213244782,2,RS,Indigo,Blue
413,Beret,Butt,2005/08/08,F,6333368066402222331,3,ID,Crimson,Green
414,Melvin,Coenraets,2009/03/14,M,5602249914675222,2,RU,Purple,Goldenrod
415,Barr,Consterdine,2020/04/30,M,3568804561949226,3,SI,Turquoise,Pink
416,Vin,Bernasek,2009/10/26,M,3561234879999670,3,CN,Violet,Blue
417,Jonas,Vardy,2005/05/22,M,3577707907270083,5,AF,Yellow,Blue
418,Elbert,Koppeck,2019/10/15,M,675940311072591160,4,IS,Goldenrod,Orange
419,Leodora,Beddin,2011/06/22,F,3538130637039652,5,TJ,Puce,Violet
420,Gannon,Meletti,2015/03/08,M,56104734359202570,2,RU,Khaki,Mauv
421,Stanfield,Penhalurick,2006/05/20,M,4508677196280477,5,SY,Turquoise,Maroon
422,Abraham,Lapides,2017/07/24,M,3572718904485413,1,US,Blue,Crimson
423,Erna,Charlo,2003/02/21,F,201514748714679,5,CZ,Green,Pink
424,Siward,Lundon,2010/02/08,M,3570845336277860,4,CN,Khaki,Indigo
425,Haily,Kewley,2011/10/27,M,56022247680183558,4,NE,Teal,Maroon
426,Karlee,O'Mailey,2014/08/04,F,3548259352587963,3,ID,Red,Fuscia
427,Jehu,Marritt,2017/05/21,M,4026903300135818,5,IL,Mauv,Indigo
428,Malory,Blazewicz,2019/06/04,F,3532898283296521,1,CN,Violet,Turquoise
429,Loreen,Frostick,2010/01/29,F,4911987467424097,4,NO,Mauv,Orange
430,Elsi,Gasken,2019/12/29,F,3552283033023829,4,BR,Red,Purple
431,Weber,Reiach,2006/06/09,M,4017953471321102,5,UA,Khaki,Purple
432,Shanda,Horsey,2013/07/09,F,3535238311964534,2,PL,Violet,Maroon
433,Selma,Conichie,2017/11/24,F,56022558226608449,5,RU,Orange,Yellow
434,Eustace,Osgar,2004/03/23,M,3577607921590393,4,RU,Khaki,Green
435,Cahra,Newarte,2008/01/17,F,3575342651228079,2,TH,Maroon,Maroon
436,Cornie,Gabbett,2015/08/09,F,30227983763395,5,CN,Blue,Red
437,Teirtza,Aldins,2009/04/10,F,6759761586397223,3,BR,Khaki,Orange
438,Eberhard,Enever,2011/06/14,M,4903266657539356,1,DE,Turquoise,Orange
439,Agnesse,Veschambre,2007/03/05,F,5100149891029228,4,ID,Turquoise,Green
440,Dani,Dingle,2004/04/14,M,374283934369760,3,PT,Crimson,Green
441,Barnabe,Varty,2013/02/11,M,3535002549201048,2,BR,Red,Teal
442,Valera,Teaz,2009/09/24,F,50189898506522031,1,PH,Mauv,Pink
443,Lazarus,Deniset,2005/06/29,M,3534689664939856,2,MD,Aquamarine,Fuscia
444,Valaree,Rack,2005/03/22,F,4175009851022303,4,AR,Purple,Fuscia
445,Diannne,Bescoby,2009/07/19,F,3578924540646525,2,BG,Purple,Blue
446,Alain,Blindt,2016/07/04,M,5452463116853419,3,CN,Turquoise,Mauv
447,Cristie,Buckle,2011/08/27,F,589344964673649202,5,CO,Khaki,Blue
448,William,Foulger,2019/07/24,M,3540368717608899,5,RU,Aquamarine,Violet
449,Dyana,Walles,2019/11/30,F,4041373539496731,4,LY,Blue,Fuscia
450,Michel,Buglass,2009/12/09,M,3543316886096542,5,CN,Aquamarine,Pink
451,Velma,Stock,2004/11/08,F,5010126893271262,5,GH,Goldenrod,Fuscia
452,Brianna,Couche,2012/06/24,F,4911018599425065,1,PT,Red,Puce
453,Gwenette,Screwton,2009/04/17,F,5010124992909163,5,CN,Violet,Khaki
454,Ephrem,Kienzle,2013/05/22,M,4017956587410610,2,UA,Purple,Pink
455,Mac,Sallowaye,2020/03/19,M,3546814427010128,5,MG,Goldenrod,Orange
456,Ralina,Tunnock,2012/03/06,F,589391356673907668,1,TH,Violet,Green
457,Nevsa,Halwill,2011/10/01,F,5100179540080769,3,CN,Violet,Orange
458,Daren,Andrysek,2009/09/23,M,6706896636334752,1,MX,Khaki,Maroon
459,Benny,Clapison,2011/06/15,M,3539097171396583,3,CN,Green,Fuscia
460,Hermia,Wetwood,2014/02/08,F,3571469608443636,5,MA,Violet,Orange
461,Tully,Giddy,2010/03/06,M,6334298889562799241,5,HT,Maroon,Green
462,Lavina,Carlone,2014/05/02,F,3543061538275397,5,AR,Puce,Violet
463,Gunar,Peake,2017/01/28,M,3537192192307073,5,CN,Maroon,Pink
464,Merrel,De'Vere - Hunt,2016/06/10,M,3546019841256576,5,GT,Aquamarine,Maroon
465,Bevvy,Malcher,2016/01/17,F,201986350407570,4,PL,Aquamarine,Indigo
466,Nanni,Kubacki,2007/11/20,F,3589992496639106,1,CN,Orange,Blue
467,Roseline,Rentz,2020/03/28,F,4026858719111315,4,RS,Maroon,Pink
468,Giulio,Lakes,2016/04/15,M,6304919109776360,4,CN,Violet,Turquoise
469,Ely,Petera,2013/08/19,M,30149062264048,2,CA,Purple,Crimson
470,Cortney,Beetham,2008/09/26,F,5155203030340022,1,CO,Purple,Orange
471,Marcello,Calendar,2016/06/23,M,30198186877060,1,CN,Yellow,Orange
472,Fabe,Bilyard,2006/07/07,M,5007666854668118,3,CZ,Violet,Goldenrod
473,Efrem,Stenner,2012/06/27,M,4903916662268249621,1,US,Mauv,Fuscia
474,Eugenia,Bestar,2008/08/13,F,36024758215568,2,CG,Green,Crimson
475,Noam,Poytheras,2009/10/07,M,5602245985383878,4,GF,Aquamarine,Puce
476,Bendite,Cammomile,2015/07/12,F,3577871127288422,3,CN,Teal,Pink
477,Jerald,Sedgman,2017/02/11,M,3587966126639951,5,ID,Violet,Maroon
478,Velma,Andres,2018/10/30,F,3567232349570695,3,ID,Aquamarine,Yellow
479,Deni,Knappitt,2005/11/27,F,633110663875517682,4,CN,Red,Pink
480,Bearnard,Lipson,2015/08/30,M,3539096269273670,4,RS,Yellow,Yellow
481,Zebadiah,Skittreal,2017/12/03,M,5602251107114191,5,CN,Teal,Mauv
482,Mufinella,Caurah,2004/06/03,F,4041590826347091,1,SE,Crimson,Purple
483,Dana,Stocking,2020/01/09,M,3579617692961986,4,CN,Red,Green
484,Iris,Heads,2008/01/25,F,6383397276617978,4,UA,Yellow,Violet
485,Georges,Kellogg,2005/12/17,M,6706366011382719,3,ID,Indigo,Orange
486,Kelsey,Wiggett,2009/06/21,M,3560947393074057,3,BF,Fuscia,Indigo
487,Farrell,Axelbee,2007/11/09,M,3567214425321359,4,NO,Turquoise,Purple
488,Mic,Tummons,2015/02/04,M,5542261624638211,5,TZ,Puce,Purple
489,Briny,Grodden,2009/07/22,F,201667959593453,5,PT,Orange,Purple
490,Pancho,Gillino,2011/09/26,M,3568499241694712,3,US,Fuscia,Mauv
491,Artie,Clegg,2008/11/26,M,3561557582766766,3,CN,Blue,Indigo
492,Harlin,Proby,2017/01/25,M,56022165951194395,5,RU,Teal,Teal
493,Mella,Bullion,2008/08/13,F,4405595681074144,3,FI,Violet,Puce
494,Raimund,Exposito,2011/01/15,M,6709319639872071,1,PH,Khaki,Khaki
495,Dodie,Kilborn,2020/05/20,F,6397978026345343,3,DJ,Crimson,Goldenrod
496,Christian,Heare,2012/04/28,F,3581077552326976,3,RU,Pink,Maroon
497,Willy,Oxterby,2012/09/06,F,3556999354718723,2,HN,Crimson,Maroon
498,Conan,Oguz,2012/12/17,M,5602252417639166,2,CN,Purple,Aquamarine
499,Arley,Oldacres,2006/02/12,M,5403456018827192,4,PH,Purple,Goldenrod
500,Thatcher,Croucher,2015/05/27,M,0604138313342923027,1,CN,Khaki,Aquamarine
501,Charmine,Pickless,2008/12/26,F,5002355123996626,3,MX,Khaki,Yellow
502,Eloisa,Bater,2019/10/10,F,503818464035297616,2,ID,Aquamarine,Khaki
503,Junina,Mackrell,2011/04/28,F,3547276532640810,3,BR,Maroon,Indigo
504,Hubey,Sanchis,2011/06/23,M,6390325150379713,1,CN,Goldenrod,Yellow
505,Douglass,Scandwright,2010/12/15,M,3557745470895385,4,MZ,Puce,Orange
506,Dannel,Wayvill,2020/07/19,M,3545472440380043,2,CN,Goldenrod,Turquoise
507,Bartholomeo,Eskell,2008/04/21,M,3570144101514479,4,FR,Turquoise,Maroon
508,Elisha,Herley,2019/06/12,M,67063095659542495,3,PH,Maroon,Goldenrod
509,Renaldo,Stubley,2006/06/19,M,346568577454001,3,ET,Crimson,Puce
510,Kerby,Sigart,2016/06/04,M,3531274770895228,1,BR,Purple,Violet
511,Neall,Nuccitelli,2013/05/18,M,3532008305856670,5,ID,Maroon,Purple
512,Irwin,Ruggen,2002/12/09,M,490395655716929192,3,CN,Blue,Fuscia
513,Jaclin,Scrogges,2019/08/31,F,50388241431601803,3,PT,Pink,Pink
514,Cherida,Menaul,2007/08/11,F,630498371013507957,5,RU,Goldenrod,Violet
515,Orly,Lovatt,2003/03/10,F,3551764121909459,2,SY,Puce,Mauv
516,Gustavo,Penniall,2012/03/19,M,5100135000508939,1,MY,Fuscia,Violet
517,Halsy,Duer,2015/06/12,M,3573101039808735,3,KZ,Mauv,Mauv
518,Job,Dunklee,2004/09/10,M,3565278760913726,3,CN,Maroon,Purple
519,Billie,Roels,2019/06/04,F,3567639156802526,4,ID,Goldenrod,Goldenrod
520,Prescott,Tettley,2004/12/15,M,5338443434599472,4,CO,Violet,Yellow
521,Genevra,McPaik,2013/02/12,F,5007665034120123,1,JP,Goldenrod,Blue
522,Elva,Gorry,2012/09/11,F,5602259623817882,5,ID,Pink,Crimson
523,Tabina,Whitington,2004/03/09,F,3544248751849888,3,ID,Purple,Orange
524,Allissa,Sulter,2013/01/18,F,5602247089065526,3,RS,Mauv,Green
525,Tobey,Mc Andrew,2015/02/22,F,3528272652418122,2,BO,Khaki,Orange
526,Magnum,Duffil,2017/06/11,M,6763998523315918,4,BM,Khaki,Orange
527,Christa,Beavis,2005/07/17,F,3585589597525921,2,CN,Crimson,Green
528,Rossy,Lethbridge,2004/02/24,M,5010120410542149,3,FR,Turquoise,Blue
529,Vivianna,Thinn,2012/10/12,F,3583178200700519,5,CN,Pink,Maroon
530,Teodorico,Dunbavin,2004/05/13,M,3546393989011030,1,UZ,Orange,Purple
531,Kimmie,Larchier,2008/06/07,F,347536131903135,2,ID,Maroon,Red
532,Spencer,Bruneton,2005/09/10,M,675981137925837991,2,KG,Purple,Fuscia
533,Camile,Sabie,2016/12/02,F,30532090656071,1,RU,Yellow,Khaki
534,Halley,MacLachlan,2006/08/14,F,3554614550071510,5,JP,Maroon,Goldenrod
535,Jeannie,Klemmt,2012/03/20,F,30576002016726,4,ID,Goldenrod,Turquoise
536,Glynda,Rushmere,2008/11/06,F,3537625040184087,4,JP,Aquamarine,Orange
537,Shea,Leggan,2004/01/18,M,675963425176709627,4,FR,Blue,Mauv
538,Urson,Whapples,2006/08/04,M,201954514850473,3,FR,Mauv,Crimson
539,Lib,Southcoat,2015/05/09,F,5100131163119564,4,RU,Goldenrod,Maroon
540,Rip,Liepins,2011/12/02,M,4175009128292911,1,CN,Yellow,Indigo
541,Dionisio,Swine,2018/11/04,M,3550841539244454,2,CZ,Green,Pink
542,Brigg,Sharper,2009/07/21,M,5602257820241385,2,MU,Goldenrod,Fuscia
543,Caril,Gooke,2017/07/12,F,4175005226027902,1,ID,Red,Indigo
544,Margaretha,Stormouth,2015/09/25,F,5641824347600295,1,CN,Turquoise,Violet
545,Cecelia,Farherty,2009/10/16,F,3580505675085484,5,CO,Maroon,Goldenrod
546,Prue,St. Ledger,2013/09/06,F,5100176998156174,5,ID,Orange,Purple
547,Sunshine,Tume,2004/03/11,F,374622987298832,5,PH,Aquamarine,Mauv
548,Brad,Hoult,2014/06/28,M,3587085006351890,1,CN,Turquoise,Crimson
549,Ameline,de Savery,2013/12/15,F,3546644470869835,1,MX,Turquoise,Green
550,Noll,Skeggs,2019/12/23,M,676274749843542695,5,JP,Red,Blue
551,Collin,Norvill,2016/09/16,M,6331109477663105388,4,CN,Yellow,Blue
552,Maudie,Antonetti,2014/05/01,F,5100174542240263,4,AR,Puce,Fuscia
553,Pamella,Menico,2003/07/22,F,3557277661193917,3,RU,Green,Mauv
554,Kelsey,Angrove,2012/07/02,M,0604082752110698673,5,PT,Fuscia,Maroon
555,Georgiana,McAuslan,2013/11/10,F,3568184720781228,4,CN,Pink,Indigo
556,Tremain,Stuart,2015/11/08,M,3547550946473012,1,UA,Purple,Crimson
557,Lorne,Axon,2003/11/10,F,3580923014138346,2,ER,Khaki,Maroon
558,Clemmie,Alves,2013/01/08,F,4175006653499929,2,BB,Red,Aquamarine
559,Allan,McAteer,2015/02/03,M,5602225148618691,1,ZA,Fuscia,Teal
560,Hillie,Hawking,2018/08/18,M,3533650323442550,2,MX,Green,Indigo
561,Lyn,Boyde,2012/04/04,M,5602211800945572,3,MN,Pink,Khaki
562,Bill,Colcomb,2013/01/05,F,30157177275064,5,PH,Khaki,Turquoise
563,Blinny,Kinney,2003/10/27,F,5100147618724790,4,ZA,Teal,Pink
564,Corney,MacColm,2019/03/20,M,3539778459825548,4,RU,Mauv,Puce
565,Sascha,Tapping,2005/03/11,M,3562141479767879,5,CN,Orange,Violet
566,Christen,Adie,2012/06/23,F,3579657811325234,2,CN,Indigo,Blue
567,Rosie,Thirsk,2007/10/10,F,4041371826464206,5,PL,Puce,Violet
568,Donica,Delmonti,2015/09/01,F,4905701341924869,2,CN,Pink,Violet
569,Cornela,Gillis,2009/12/11,F,5602237122545170,1,CN,Turquoise,Goldenrod
570,Jessey,Giovannacc@i,2011/12/27,M,337941442598743,4,CN,Crimson,Violet
571,Bronson,Gero,2016/11/28,M,5321898658999071,5,LS,Teal,Violet
572,Penny,Schoenfisch,2005/02/05,F,564182200262840060,5,ID,Violet,Teal
573,Nady,Derrell,2005/10/17,F,5610743803747514,4,RU,Green,Crimson
574,Lorens,Wigley,2003/04/09,M,3533825205791841,5,CN,Red,Purple
575,Chas,Vasyanin,2013/08/20,M,3553596198577928,1,NG,Mauv,Yellow
576,Ellerey,Rekes,2020/11/05,M,3573669848690320,5,ID,Puce,Orange
577,Malachi,Legendre,2007/07/26,M,4051850463409928,5,MX,Red,Indigo
578,Farica,Boyett,2012/07/01,F,5610356127361241,5,ID,Khaki,Green
579,Arleen,Carlino,2006/07/22,F,375941236872307,1,PH,Puce,Khaki
580,Della,Smooth,2009/09/15,F,30396245711789,2,SE,Goldenrod,Red
581,Sheeree,McMillan,2015/11/22,F,3559471453567804,2,CN,Orange,Teal
582,Misti,Koeppe,2005/08/03,F,3565755464924331,5,ID,Turquoise,Khaki
583,York,Moncrieffe,2019/12/24,M,3546014365705280,2,FR,Fuscia,Blue
584,Gwendolin,VanBrugh,2007/12/16,F,5007660765288033,2,GT,Puce,Purple
585,Oby,Willder,2003/08/09,M,493602603494862857,5,RU,Pink,Blue
586,Edgar,Jolliss,2018/04/12,M,4913250096531859,4,KW,Yellow,Green
587,Evita,Huffer,2008/01/23,F,4405479225313401,1,BY,Orange,Goldenrod
588,Say,Boerderman,2012/06/16,M,3589423043787016,4,ID,Puce,Orange
589,Enrique,Cantua,2010/01/30,M,4391157991957819,2,NG,Khaki,Fuscia
590,Alasdair,Lalevee,2018/10/31,M,6379795591112565,5,HR,Crimson,Goldenrod
591,Brant,Charnick,2010/08/22,M,56022344953653704,5,CN,Maroon,Puce
592,Arni,Strattan,2011/03/18,M,3583486754131530,3,ID,Fuscia,Maroon
593,Piotr,Vanderplas,2020/08/15,M,5518816934190979,1,SA,Indigo,Purple
594,Erich,Stang-Gjertsen,2009/01/30,M,3528573832104213,2,BT,Puce,Red
595,Edythe,Salerg,2011/08/02,F,3555933363246906,5,BS,Violet,Yellow
596,Bancroft,Morilla,2005/07/25,M,6370039727195130,2,LY,Goldenrod,Yellow
597,Dory,Fewlass,2011/04/11,F,676252437171465012,2,CV,Maroon,Yellow
598,Thorpe,Fulk,2003/03/26,M,6762106463961243823,2,CN,Mauv,Fuscia
599,Donovan,Kermit,2015/11/26,M,3560418874482797,3,CN,Blue,Fuscia
600,Vasilis,Baccus,2008/12/12,M,3559027581859842,4,ID,Blue,Pink
601,Marjie,Merry,2017/07/08,F,3568645899159412,4,MX,Red,Khaki
602,Berri,Cordova,2010/04/15,F,5306641460822662,4,SE,Teal,Indigo
603,Candie,Parker,2012/11/28,F,63045129408508036,4,CN,Turquoise,Crimson
604,Niko,McNea,2013/05/14,M,201497353927846,2,EC,Red,Puce
605,Kippie,Bedenham,2015/01/08,M,372033043945691,5,ID,Turquoise,Purple
606,Emmett,Bettesworth,2005/10/01,M,4913656935624640,2,UA,Mauv,Blue
607,Marlowe,Cave,2019/04/14,M,3556786689673263,3,KN,Goldenrod,Aquamarine
608,Finn,Sowrah,2018/08/21,M,5169614786933667,3,ID,Khaki,Blue
609,Iorgo,Conrard,2010/10/26,M,5408641339315861,1,PT,Yellow,Violet
610,Harp,Bonicelli,2020/05/21,M,3554074953531638,1,PH,Puce,Orange
611,Tam,Kinneir,2009/03/23,M,3542170346323207,2,PL,Violet,Puce
612,Glendon,Greenroa,2008/10/20,M,4026473126836924,1,CO,Teal,Turquoise
613,Addy,Justis,2007/07/17,F,3528759346129420,4,ID,Khaki,Mauv
614,Teresa,Clyma,2004/10/07,F,4917304376658035,3,ZA,Yellow,Puce
615,Elnora,Redholes,2018/05/21,F,201982265332441,5,SS,Purple,Goldenrod
616,Lance,Byrnes,2012/03/08,M,3557172258869245,3,MX,Purple,Fuscia
617,Dell,MacTrustrie,2019/10/25,M,50200609367835288,2,ID,Blue,Blue
618,Guthrey,Shakesby,2011/09/21,M,374283148367261,5,AM,Turquoise,Fuscia
619,Mellicent,Donovan,2009/09/01,F,337941466805073,2,NG,Maroon,Fuscia
620,Nichole,Mitchelhill,2003/03/14,M,3537364388364982,3,PR,Mauv,Puce
621,Hill,Corday,2006/04/08,M,3585127544306069,5,ID,Goldenrod,Blue
622,Bo,Mort,2014/05/11,M,374622700734881,2,CN,Mauv,Green
623,Cate,Feenan,2003/11/21,F,3584585324551173,5,MA,Puce,Green
624,Laure,Willoughway,2010/03/28,F,30200591318860,1,MG,Goldenrod,Turquoise
625,Minnaminnie,Walklot,2006/10/22,F,3562983309631548,1,MX,Orange,Maroon
626,Noll,Frounks,2017/07/18,M,5602224476467672,1,PH,Blue,Goldenrod
627,Mariquilla,Aspin,2018/06/22,F,5177606565655016,1,TZ,Violet,Pink
628,Vera,Grabb,2011/09/11,F,3565465232499885,1,PT,Maroon,Turquoise
629,Base,Isaac,2011/03/24,M,3548876944757919,5,RU,Indigo,Goldenrod
630,Elizabet,Yallop,2009/03/13,F,6388018113947585,4,ID,Goldenrod,Indigo
631,Agatha,Ladbrooke,2017/08/04,F,3531682601547588,4,RU,Yellow,Crimson
632,Maxim,Stollenberg,2016/01/20,M,4903869959692524,2,CN,Fuscia,Teal
633,Bonita,Hartlebury,2005/05/16,F,3536713675458512,4,CO,Indigo,Blue
634,Nicol,Raimbauld,2017/08/06,F,3588760939860881,2,BG,Teal,Orange
635,Devy,Coulton,2010/11/05,M,3547361980650253,4,NO,Orange,Green
636,Callie,Stubley,2017/11/16,F,4508180372992585,3,FR,Aquamarine,Mauv
637,Norrie,Peplaw,2010/06/16,M,3586587768327241,5,PT,Mauv,Orange
638,Miguel,Thowless,2006/10/17,M,3548604640416055,3,CN,Purple,Crimson
639,Jeffrey,Crumbleholme,2017/10/23,M,5641829129427467131,4,MN,Maroon,Mauv
640,Jean,O' Ronan,2008/12/22,M,6394020228583505,1,ID,Red,Khaki
641,Maurice,de Guise,2016/05/20,M,630476672437673127,4,JP,Aquamarine,Green
642,Dare,Jalland,2018/04/23,M,6763813566810289,1,FR,Indigo,Purple
643,Jackson,McKee,2006/10/02,M,3576789260365222,4,PL,Goldenrod,Indigo
644,Eugenius,Franc,2008/11/18,M,5602221782999703,2,CN,Red,Blue
645,Baillie,Babbs,2003/12/12,M,3563552496569974,3,PH,Maroon,Khaki
646,Gussy,Fairn,2013/05/26,F,3542310418041036,3,CN,Fuscia,Fuscia
647,Dudley,Heal,2008/04/04,M,5345118849226546,4,BR,Orange,Maroon
648,Courtney,Garnall,2014/09/15,M,3575300030850005,3,PH,Puce,Blue
649,Kendrick,Endacott,2006/07/16,M,3575081611505206,5,CN,Purple,Aquamarine
650,Mayor,Fursey,2008/09/27,M,201416043362768,4,MX,Fuscia,Purple
651,Sorcha,Dreakin,2018/04/03,F,3565597747397335,2,LU,Violet,Violet
652,Cecile,Kempson,2013/11/21,F,67096932007786807,2,PL,Orange,Yellow
653,Myca,Lyenyng,2013/03/17,M,5108759067902131,4,PH,Teal,Green
654,Clarence,Cornelissen,2009/08/03,M,3567556380370130,1,NL,Teal,Purple
655,Daniel,Osborn,2014/11/19,M,58930358472227268,5,MX,Purple,Green
656,Bliss,Merington,2013/11/29,F,633356949167160098,5,CN,Teal,Red
657,Karleen,Baldoni,2016/02/27,F,376266432532524,1,CN,Purple,Yellow
658,Buffy,Allam,2005/04/13,F,675913391320400920,4,ID,Violet,Yellow
659,Saxe,McBeath,2013/10/27,M,3580836179217723,3,PL,Turquoise,Red
660,Helen,Trahear,2014/06/18,F,6759240998702779646,3,PL,Violet,Teal
661,Mace,Yakobowitz,2010/07/03,M,3542335656289500,5,US,Pink,Purple
662,Urson,Carlsson,2019/09/13,M,3570998176700580,1,LY,Indigo,Red
663,Willy,Sconce,2015/08/24,F,3583681588519955,1,CN,Khaki,Mauv
664,Mic,Buzin,2003/08/22,M,3529347667728613,5,IE,Green,Purple
665,Grantham,Kier,2019/03/06,M,5100137701215186,1,RU,Indigo,Mauv
666,Kimble,Feeham,2008/10/03,M,3584170079497284,2,MH,Mauv,Yellow
667,Karoly,Loosley,2003/09/10,F,6762250545767128465,5,FR,Aquamarine,Indigo
668,Dana,Burnand,2017/04/22,M,3565832977002945,2,CN,Indigo,Turquoise
669,Shep,Latehouse,2006/05/04,M,3528684037600283,1,RU,Pink,Blue
670,Benito,Barus,2012/09/03,M,30272689794575,5,LB,Mauv,Pink
671,Lurline,Fagge,2014/12/09,F,3529615487318215,2,ID,Teal,Teal
672,Rochelle,Collocott,2011/01/05,F,58930397048646353,5,ID,Turquoise,Yellow
673,Camila,Barrick,2004/08/12,F,675909701326801788,5,EG,Yellow,Purple
674,Jacob,Juares,2008/04/13,M,3541913862171737,1,CN,Mauv,Turquoise
675,Caldwell,Blackesland,2016/06/14,M,3544671681115999,3,CN,Pink,Puce
676,Geoffry,Sprey,2004/04/04,M,4844296372813085,2,CN,Khaki,Green
677,Simon,Scamadine,2018/08/20,M,5007666144346111,2,ID,Pink,Aquamarine
678,Barbara-anne,Carnier,2005/10/04,F,5048376853314786,4,IE,Mauv,Red
679,Pietrek,Keenan,2004/07/21,M,5002350860008289,3,RS,Goldenrod,Green
680,Morgen,Wilcinskis,2005/12/03,F,6304122354580553158,5,PE,Pink,Fuscia
681,Rochelle,Smalls,2003/04/29,F,3588165363990255,2,CN,Orange,Goldenrod
682,Adams,Lante,2010/08/16,M,374283807764105,4,PT,Aquamarine,Orange
683,Twyla,Hevey,2020/02/23,F,3582268987083964,3,PH,Blue,Yellow
684,Fabien,Hailes,2019/12/23,M,3545851682842929,4,FR,Violet,Goldenrod
685,Kalila,Ubanks,2017/12/16,F,3533288373808501,5,FR,Maroon,Orange
686,Rabi,Daintrey,2010/09/25,M,3567738630009086,1,FR,Maroon,Yellow
687,Garry,Garwell,2008/09/27,M,3580329670326383,5,CN,Puce,Red
688,Jimmy,Findlater,2007/09/29,M,201474829065428,4,RU,Maroon,Purple
689,Bryanty,Noonan,2007/01/27,M,490585010500492975,5,ID,Mauv,Teal
690,Floyd,Barwack,2003/04/16,M,6767066800114259,1,PT,Crimson,Red
691,Leslie,Bailie,2016/04/07,M,3588569449578143,2,PH,Puce,Pink
692,Ellswerth,Pollack,2006/12/19,M,6771516489928352303,5,PH,Turquoise,Puce
693,Larina,Kiely,2020/07/10,F,3587652596126519,5,ID,Red,Yellow
694,Alonso,Domone,2009/12/04,M,30224633763487,5,CZ,Khaki,Mauv
695,Irwinn,Morrison,2014/10/11,M,3535987480126347,4,RU,Red,Crimson
696,Eulalie,Burchall,2010/05/03,F,3582754850297633,4,RU,Yellow,Orange
697,Dalton,Linfitt,2006/12/17,M,6761255107403285121,4,ID,Violet,Violet
698,Peri,Curner,2017/04/12,F,3557650807457786,2,MV,Red,Pink
699,Amil,Stoggles,2012/07/29,F,3589042452706083,3,CZ,Crimson,Goldenrod
700,Hervey,Condy,2019/01/17,M,4917272496962761,1,CN,Puce,Fuscia
701,Ivonne,Zupa,2003/07/01,F,30432825284069,3,ID,Orange,Aquamarine
702,Dylan,Shrimpton,2004/05/06,M,3588229754415502,4,PT,Orange,Pink
703,Amargo,Thresh,2016/09/23,F,3563851776500554,3,RU,Aquamarine,Goldenrod
704,Dominik,Marty,2016/07/20,M,3542688219794501,4,PL,Teal,Turquoise
705,Rab,Tighe,2009/03/25,M,6304589431341082,3,BG,Teal,Red
706,Maddie,Seeking,2003/06/19,F,63042076220579971,2,PT,Yellow,Blue
707,Noam,MacConnal,2011/11/10,M,5100139990410031,2,US,Green,Aquamarine
708,Hurleigh,Vasyunichev,2018/08/14,M,5020603719702066605,5,YE,Goldenrod,Fuscia
709,Maiga,Micheu,2019/06/22,F,3535111367797589,4,PL,Crimson,Turquoise
710,Ulrika,McQuaide,2008/06/21,F,3560234365145573,5,SY,Orange,Red
711,Francis,Brane,2011/03/13,M,3552378275154090,3,ID,Fuscia,Puce
712,Godwin,Newson,2017/09/05,M,3585111995590439,4,CN,Turquoise,Mauv
713,Paxon,Hubball,2003/12/12,M,5602253714637333,3,HN,Crimson,Aquamarine
714,Marietta,McKintosh,2003/07/10,M,5893416607197216610,5,US,Pink,Puce
715,Cassondra,Faire,2016/03/02,F,3584853634997977,5,CN,Orange,Aquamarine
716,Rosalyn,Blazewicz,2012/03/23,F,3574094418339803,2,NG,Purple,Turquoise
717,Gavra,Matyushonok,2007/10/20,F,3564078604952703,1,PL,Teal,Violet
718,Goddard,Shelvey,2005/02/24,M,3577880014394011,1,RU,Puce,Maroon
719,Salvatore,Beldam,2015/12/30,M,201864758624585,3,PT,Yellow,Yellow
720,George,Langdale,2008/05/01,M,3561900270604560,5,AT,Orange,Goldenrod
721,Charline,Wilstead,2008/05/10,F,3563631680497927,3,OM,Yellow,Khaki
722,Chickie,Tarzey,2018/02/16,F,3564675017107955,4,AM,Goldenrod,Aquamarine
723,Kristofor,Sylett,2020/06/22,M,3553702481421341,2,US,Teal,Turquoise
724,Link,Worters,2009/07/08,M,4844759352707973,4,SE,Khaki,Orange
725,Joshuah,Dunbobbin,2014/02/13,M,4913847170398509,3,KE,Indigo,Violet
726,Jordain,Safhill,2016/10/05,F,6390907316068585,4,CO,Maroon,Indigo
727,Vasili,Cosyns,2004/05/04,M,3557458183138198,1,DK,Violet,Goldenrod
728,Goraud,Crofts,2005/08/02,M,5893584451531463,5,ID,Blue,Pink
729,Freddy,Gapper,2016/05/24,F,3551804627946884,4,CN,Puce,Crimson
730,Lin,Lillywhite,2010/03/27,F,3541791670043599,2,PL,Green,Khaki
731,Jacynth,Yurchenko,2014/07/17,F,5610265668356053608,5,ID,Teal,Teal
732,Cammi,McDunlevy,2019/03/23,F,4791102718255267,3,DO,Orange,Indigo
733,Laural,Fonzo,2015/12/13,F,6763185037099047041,1,RU,Teal,Turquoise
734,Fransisco,Brevitt,2016/04/23,M,3545704745265192,1,IS,Pink,Green
735,Jaye,Alexsandrovich,2003/08/05,M,5602222909553670,5,DK,Blue,Orange
736,Vernor,Zannotti,2020/11/06,M,3549160494090214,5,KZ,Red,Fuscia
737,Ladonna,Kennewell,2009/11/06,F,3587605792291776,1,CN,Yellow,Pink
738,Kendricks,O'Codihie,2018/11/30,M,5038384125841380,2,PL,Violet,Teal
739,Hazel,Simonett,2016/06/21,M,376041544598980,4,CN,Blue,Puce
740,Ninetta,Mattioli,2013/08/10,F,6759633727499509,1,CN,Red,Mauv
741,Porty,Rispin,2005/08/19,M,6376105222805111,2,CN,Pink,Teal
742,Guillaume,Tudor,2019/02/23,M,3566367038833326,4,GR,Goldenrod,Goldenrod
743,Marissa,Vennart,2004/06/13,F,5602250245124922,1,CN,Crimson,Maroon
744,Gwen,Cargenven,2011/06/15,F,5108752375774235,4,CN,Violet,Crimson
745,Kerrie,Ivers,2008/10/03,F,5602228021373335,3,NG,Fuscia,Orange
746,Wandis,McLugish,2005/04/09,F,3587120409215176,2,JP,Orange,Goldenrod
747,Ronny,Crutch,2018/03/16,M,06040382457935055,3,IE,Violet,Indigo
748,Tilly,Ryce,2007/11/29,F,349951734228053,4,ID,Turquoise,Orange
749,Gelya,Burl,2007/09/23,F,30118204119972,5,SE,Aquamarine,Blue
750,Brod,Leile,2012/01/11,M,3543609489534814,3,CN,Fuscia,Maroon
751,Neville,Izakof,2005/08/03,M,3564654235184765,3,PL,Purple,Crimson
752,Rosco,Foard,2006/04/09,M,6759489288276640,5,CN,Mauv,Red
753,Carmon,Pettengell,2004/02/15,F,372301927579377,1,CR,Yellow,Pink
754,Maia,Ritch,2008/10/24,F,36510118567953,1,RU,Red,Turquoise
755,Tanya,Beldham,2020/02/09,F,6759154767274033,4,PL,Fuscia,Turquoise
756,Idalia,Spacy,2008/02/24,F,3560691080204227,5,CZ,Yellow,Khaki
757,Viviene,Everly,2010/06/20,F,3553267360844799,5,CN,Indigo,Puce
758,Klement,Whittenbury,2011/07/27,M,3542245694829706,1,ID,Teal,Puce
759,Ediva,Godon,2013/08/12,F,3539641033686119,5,CN,Mauv,Mauv
760,Alfred,Meekin,2009/10/03,M,3558701295347317,5,US,Orange,Violet
761,D'arcy,Bloss,2007/10/14,M,676343206999827997,4,CN,Pink,Aquamarine
762,Bobbette,Dunderdale,2018/09/20,F,3551759375342076,1,RU,Blue,Mauv
763,Hinze,Pfeffle,2015/12/24,M,4041377042023,3,CN,Goldenrod,Red
764,Feodor,Picot,2008/02/26,M,3548265547353153,1,JP,Yellow,Orange
765,Aidan,Capp,2005/03/16,F,5379879700855058,1,BR,Purple,Teal
766,Jannelle,Gillespey,2013/04/04,F,493633824948995431,3,CN,Violet,Pink
767,Geoff,Thring,2014/12/01,M,3587325569632215,1,MU,Blue,Orange
768,Garald,Hubbins,2010/07/13,M,3533091412900226,2,SE,Goldenrod,Maroon
769,Kathryne,Aloigi,2011/12/26,F,5602242304000649592,3,IE,Violet,Purple
770,Nicolai,Chessil,2018/06/23,M,6767975989373595,4,NA,Maroon,Aquamarine
771,Weider,Jupp,2009/05/06,M,5602223981801565,5,IS,Red,Red
772,Joy,Royste,2010/02/01,F,30155869270757,1,PH,Violet,Violet
773,Alessandra,Massimo,2013/11/10,F,6304291326523391,1,PL,Red,Mauv
774,Ker,Jorge,2014/01/22,M,5002353484702907,4,RU,Turquoise,Pink
775,Clary,Nyssen,2014/07/10,F,6759798998619398,5,JP,Turquoise,Goldenrod
776,Justino,Dooman,2010/03/22,M,3545048001559074,5,JP,Maroon,Teal
777,Devan,Goodday,2016/09/02,F,6761757292398527,2,ID,Khaki,Aquamarine
778,Akim,Dudleston,2017/10/20,M,3539055196439168,1,TN,Crimson,Khaki
779,Romona,Prozescky,2018/01/24,F,30549305082083,3,BR,Violet,Green
780,Auguste,Jzhakov,2008/08/07,F,676100230386664832,2,SE,Pink,Indigo
781,Delly,Rendbaek,2008/08/24,F,30143413938319,5,RU,Green,Fuscia
782,Francesco,Quilliam,2019/06/26,M,337941167833267,5,CN,Teal,Yellow
783,Therese,Aishford,2009/03/13,F,4903096294915622,1,CH,Crimson,Aquamarine
784,Quentin,Rubenovic,2012/11/03,M,374283398418525,3,CN,Khaki,Purple
785,Ade,Shrigley,2009/12/26,M,3531621610309846,2,PL,Violet,Turquoise
786,Celene,McPartlin,2018/12/30,F,633110745854054421,4,PT,Purple,Indigo
787,Clementius,Miranda,2007/06/24,M,3588049978402015,5,PL,Puce,Pink
788,Randi,Cato,2010/11/06,M,67592437291406806,3,SI,Goldenrod,Fuscia
789,Cinda,Campbell,2010/02/18,F,6376363950366927,4,US,Blue,Violet
790,Eldridge,Mendonca,2011/11/16,M,30349773452334,1,IE,Violet,Aquamarine
791,Davida,Eddow,2016/10/13,F,3551709348108534,5,ID,Goldenrod,Teal
792,Merwyn,Northridge,2003/12/28,M,4041596115884918,1,ID,Violet,Goldenrod
793,Marco,Shayler,2015/07/30,M,201660274944972,4,CN,Violet,Aquamarine
794,Obadias,Shafier,2020/09/06,M,4017957328511,1,ID,Pink,Puce
795,Ali,Tuffey,2018/12/27,M,6375622931500933,3,US,Red,Green
796,Aldwin,Hampshaw,2003/01/10,M,3580923864527804,4,ID,Indigo,Fuscia
797,Dorothee,Piris,2010/02/14,F,374622456464576,4,ID,Purple,Puce
798,Eloise,Tantum,2010/06/14,F,3555645391358368,3,CN,Pink,Mauv
799,Johannah,Duffill,2003/05/20,F,3575699069720785,1,FR,Crimson,Aquamarine
800,Julie,Maffiotti,2006/07/17,F,3559905929311776,1,DE,Maroon,Violet
801,Padriac,Smallridge,2018/10/13,M,3553213402258903,2,RU,Turquoise,Pink
802,Lionel,Swinney,2006/03/31,M,3563709426691308,3,RU,Khaki,Goldenrod
803,Gerik,Fildery,2012/11/13,M,3553032974567180,1,IR,Khaki,Goldenrod
804,Manon,Chilcotte,2004/11/11,F,5010124149037595,5,PH,Aquamarine,Violet
805,Gregg,Bewshea,2015/04/29,M,3558699149219346,4,FR,Violet,Khaki
806,Tailor,Kynder,2012/07/24,M,56022120164454128,5,HR,Maroon,Blue
807,Maegan,MacMychem,2012/05/10,F,3572418157957743,3,SE,Goldenrod,Teal
808,Alexandros,Neljes,2013/01/23,M,3562166651103320,2,EC,Turquoise,Turquoise
809,Lexie,Alyukin,2016/09/16,F,5602215331683842,5,BR,Violet,Mauv
810,Fonsie,McCue,2020/03/25,M,3555322468922449,3,CN,Crimson,Pink
811,Elsworth,Tart,2007/07/10,M,4917167889745882,3,MA,Puce,Khaki
812,Magdalene,Georger,2010/03/10,F,30308414852252,3,RU,Puce,Teal
813,Morey,Scorthorne,2015/03/10,M,670624409458431748,5,PT,Green,Blue
814,Carlie,Terbrugge,2016/08/30,F,4917228869447111,4,TH,Blue,Red
815,Bordie,Gemmell,2004/05/12,M,3566019084733179,4,CN,Turquoise,Teal
816,Baily,Chiswell,2008/12/28,M,5641823017551025187,1,PH,Violet,Red
817,Rochette,Tatersale,2020/09/17,F,4917122876731288,4,RU,Purple,Purple
818,Dermot,Lauridsen,2014/06/14,M,3537828074459298,1,RU,Khaki,Purple
819,Lesley,Satterly,2015/10/27,M,3578300224971887,1,CN,Puce,Turquoise
820,Dore,Seth,2012/05/15,M,3568542988373519,5,JP,Khaki,Blue
821,Sabra,Oolahan,2016/09/19,F,676752301404385717,3,KY,Puce,Mauv
822,Courtnay,Garrique,2007/08/16,F,201862542776877,2,BR,Turquoise,Teal
823,Hansiain,Sans,2007/08/20,M,3555078047931877,3,BG,Green,Puce
824,Gottfried,Digan,2019/09/25,M,3571116145733595,5,BR,Yellow,Pink
825,Myca,Arzu,2017/03/12,M,3566975557713222,5,SE,Teal,Green
826,Stevie,Quinevan,2004/03/31,M,3579377302410243,2,ID,Maroon,Orange
827,Tod,Schruyers,2009/08/20,M,3581257460204560,2,PH,Puce,Crimson
828,Angeli,Laux,2015/12/27,M,5194777108602598,4,CN,Khaki,Orange
829,Liana,Doonican,2006/11/12,F,6762233627036223,5,VN,Turquoise,Indigo
830,Joellyn,Mayhou,2016/06/21,F,3577244434723210,1,PH,Fuscia,Khaki
831,Arthur,Salters,2003/02/21,M,564182894660751786,3,CA,Teal,Teal
832,Marilee,Greenlees,2017/02/18,F,374622425815627,1,CN,Indigo,Goldenrod
833,Florida,Gatland,2003/09/13,F,3544517388952715,3,AR,Crimson,Blue
834,Clayborn,Tregunnah,2010/12/01,M,3559917944456478,3,CN,Mauv,Violet
835,Eustace,Grouen,2017/10/10,M,201433501541767,1,FR,Turquoise,Aquamarine
836,Gregor,Clausen-Thue,2008/11/05,M,30049641174629,4,LV,Violet,Fuscia
837,Roddy,Walsom,2006/05/25,M,3542651262246084,2,PL,Maroon,Puce
838,Gallard,Obeney,2019/12/23,M,490360106884139942,1,KE,Purple,Red
839,Isaiah,Shoulders,2016/10/25,M,3587445086548353,3,ID,Turquoise,Crimson
840,Gabbie,Weir,2013/06/10,M,4913366371900435,2,CN,Pink,Teal
841,Levon,Lovell,2018/02/15,M,3537084719011850,1,CN,Maroon,Green
842,Michaelina,Itzhayek,2018/06/02,F,370816141312687,2,CN,Goldenrod,Maroon
843,Jeno,Bouchard,2019/02/05,M,4905282136477140682,5,US,Orange,Aquamarine
844,Cherice,Chastagnier,2007/05/21,F,374283120589577,2,ID,Teal,Goldenrod
845,Gladys,Dunkerton,2004/02/07,F,3584790519917888,1,CN,Fuscia,Yellow
846,Genevra,Comerford,2018/07/31,F,4903250488848913,1,CN,Puce,Purple
847,Nance,Blaxall,2003/05/13,F,6759102010858060,4,ID,Khaki,Crimson
848,Martelle,Catcheside,2013/04/14,F,6370932698715987,2,ID,Crimson,Violet
849,Rosalynd,Deport,2013/02/02,F,3578359104385675,5,PT,Teal,Turquoise
850,Tudor,Munton,2010/05/06,M,3576907425917741,5,HN,Green,Aquamarine
851,Sheela,Recke,2005/10/05,F,3571244634709569,2,ID,Turquoise,Red
852,Herschel,Mapledoore,2010/02/09,M,3571376487311844,1,CN,Pink,Violet
853,Verene,Greer,2009/04/26,F,3570229361648198,4,CN,Fuscia,Maroon
854,Sherlock,Lupson,2005/07/07,M,4936010886879991157,5,PH,Purple,Teal
855,Merry,Tarpey,2015/05/14,F,5010122223826891,4,ID,Green,Indigo
856,Harlene,Hastin,2005/01/20,F,3581629746108379,5,ID,Khaki,Green
857,Rhonda,Grundon,2009/08/28,F,3572562332901033,5,BJ,Puce,Blue
858,Erv,Wychard,2018/05/28,M,3538801617965484,5,RU,Indigo,Green
859,Margette,holmes,2017/08/31,F,3570205413339002,4,UY,Violet,Mauv
860,Nehemiah,Stowers,2013/11/22,M,30205301644653,2,ID,Khaki,Teal
861,Kenny,Haskey,2016/08/15,M,3587264099402296,4,CA,Crimson,Pink
862,Carla,Hatchman,2013/07/18,F,3558912210350027,2,CN,Green,Khaki
863,Giuseppe,Knowler,2006/10/10,M,67715921953603810,4,PH,Yellow,Goldenrod
864,Cello,Matusevich,2018/11/12,M,374622353467268,1,BR,Fuscia,Orange
865,Xena,Proffitt,2015/03/23,F,6709359576346267,3,RU,Aquamarine,Indigo
866,Sharline,Feather,2004/04/22,F,3585459059561824,1,CZ,Blue,Goldenrod
867,Brita,Beecheno,2005/01/10,F,36208250091946,3,RW,Goldenrod,Indigo
868,Yorker,Dyble,2016/12/02,M,6771735218973712,4,US,Violet,Blue
869,Dwight,Blague,2004/11/20,M,4917742581483816,4,UA,Purple,Mauv
870,Darline,Portsmouth,2007/02/27,F,3580921920166609,1,CZ,Yellow,Red
871,Angil,Wolfindale,2007/10/13,F,3551099309622917,4,CN,Teal,Red
872,Gabey,Barns,2016/06/02,F,3587955220299937,2,CO,Puce,Puce
873,Colene,Hush,2020/02/26,F,5517519475128363,1,RU,Yellow,Orange
874,Chad,Bonifazio,2018/05/22,M,3569113586668517,3,CN,Pink,Khaki
875,Kerry,Treppas,2010/03/21,M,3582758910202434,4,PL,Teal,Turquoise
876,Cilka,Wraighte,2016/06/05,F,3566215636151585,3,IR,Crimson,Purple
877,Shirleen,Hadleigh,2013/08/01,F,374288284538336,4,GQ,Aquamarine,Purple
878,Errol,Heinert,2019/02/04,M,5602225990830053624,3,CN,Pink,Indigo
879,Kelwin,Bellson,2003/01/28,M,372048940093544,4,BD,Pink,Aquamarine
880,Ferdy,Willox,2006/09/03,M,374622364780840,2,CN,Khaki,Blue
881,Dulcy,Harvey,2014/11/09,F,6333331476327654316,1,ID,Blue,Teal
882,Cortney,Grimestone,2014/03/25,F,3572802312634067,4,KZ,Fuscia,Mauv
883,Lek,Brandacci,2013/07/14,M,5108759257399999,3,MX,Violet,Maroon
884,Scotty,Filyashin,2015/01/01,M,3540621062981307,2,CZ,Teal,Puce
885,Lori,Berndtssen,2012/02/20,F,349462172340772,1,VN,Turquoise,Crimson
886,Caria,Cluer,2010/03/03,F,346503228614588,5,ID,Teal,Aquamarine
887,Yank,Rountree,2006/05/07,M,3574714787284914,3,SL,Maroon,Fuscia
888,Hillard,Gimlet,2008/11/25,M,56022218287475366,1,ID,Pink,Crimson
889,Keri,Hassard,2014/08/30,F,5641822709242895371,1,KE,Turquoise,Mauv
890,Berget,Selcraig,2007/07/02,F,5893058505405133945,3,UA,Mauv,Puce
891,Elka,Halcro,2014/04/27,F,3557820161560174,2,NG,Maroon,Goldenrod
892,Mauricio,Nesey,2004/09/04,M,564182872578977354,1,JP,Indigo,Red
893,Devin,Sighart,2012/05/20,F,3540113578206064,1,CN,Orange,Violet
894,Ransom,Reichert,2005/05/16,M,4041595680752,4,FI,Mauv,Violet
895,Janifer,Sapena,2007/05/17,F,4913029305281872,3,PA,Orange,Fuscia
896,Georgianne,Tennick,2014/03/08,F,3542826972020900,2,BD,Turquoise,Teal
897,Nichols,Traill,2013/04/17,M,4017955192307,4,MW,Turquoise,Red
898,Carolynn,Eykel,2008/11/01,F,633304784096423983,4,ID,Aquamarine,Maroon
899,Ivor,Rennels,2013/06/20,M,3563520454831389,3,RU,Yellow,Yellow
900,Foster,Fegan,2005/07/13,M,5602242662596047,2,ID,Red,Puce
901,Desirae,Jeannon,2006/11/05,F,5411424682923242,4,AR,Red,Indigo
902,Abelard,Salzburger,2019/03/23,M,3583482116472514,2,KR,Mauv,Crimson
903,Rickey,Studholme,2020/03/27,M,3574479398779443,3,ID,Crimson,Indigo
904,Matthus,McClaren,2015/02/03,M,3569755158481164,3,GR,Violet,Goldenrod
905,Ethe,Earland,2010/03/02,M,4041594521817,3,AL,Khaki,Green
906,Murielle,Stoddard,2013/04/14,F,3542662217447883,3,JP,Goldenrod,Turquoise
907,Sabina,de Najera,2004/09/13,F,3589928124146817,2,AL,Yellow,Teal
908,Woodman,Blenkinsopp,2010/03/04,M,337941619079840,4,PL,Goldenrod,Red
909,Devondra,Coverdale,2020/03/30,F,3567612003365658,2,GB,Indigo,Blue
910,Ahmad,Hallibone,2014/03/06,M,30237526036621,3,SY,Maroon,Green
911,Branden,Stitwell,2018/06/28,M,372301231649338,1,PL,Puce,Goldenrod
912,Josee,Ousbie,2005/06/19,F,3549242254906944,2,ID,Turquoise,Crimson
913,Felicity,Alfonsetti,2005/01/16,F,6380906061343765,4,CN,Crimson,Blue
914,Genia,Gohn,2008/08/25,F,30185215430862,3,RU,Orange,Goldenrod
915,Nert,Yarnton,2018/09/03,F,4905747840568160,5,PH,Puce,Teal
916,Port,Antonopoulos,2011/08/02,M,3534267319071076,4,GT,Maroon,Goldenrod
917,Garrek,Dumbreck,2020/11/03,M,3532937492422393,1,ID,Indigo,Teal
918,Kamila,Lavies,2008/02/29,F,3556070163533867,2,TO,Indigo,Mauv
919,Harlene,De Pietri,2006/07/16,F,3585167703102271,3,TZ,Indigo,Violet
920,Alvina,Clemencon,2020/05/02,F,3553105049609359,3,CO,Blue,Puce
921,Iona,Fishbourn,2004/06/06,F,3570447088477358,4,CN,Indigo,Mauv
922,Raddie,Hayfield,2016/06/10,M,0604570437291592304,3,CN,Yellow,Teal
923,Roley,Linscott,2012/02/11,M,670993472074979790,5,ID,Orange,Violet
924,Ganny,Ridgley,2014/08/30,M,6374421854502112,2,ID,Orange,Pink
925,Josselyn,Leemans,2006/05/20,F,5497975735221204,2,CR,Blue,Khaki
926,Clemens,Martyn,2006/12/18,M,3586180378626473,4,SI,Yellow,Blue
927,Theodoric,Brightwell,2016/02/21,M,50381760510688503,2,BD,Orange,Pink
928,Bart,Belsey,2012/06/10,M,4175008325130114,5,PL,Mauv,Fuscia
929,Antonietta,Vashchenko,2016/01/07,F,3564812262389547,1,SE,Red,Maroon
930,Tarrah,Plum,2020/06/21,F,5602237424582847088,1,PH,Yellow,Green
931,Christabel,Feldman,2012/05/31,F,4041375663807781,4,CO,Mauv,Green
932,Patrick,Rushbury,2018/09/22,M,3587356996200052,2,BR,Orange,Yellow
933,Vannie,Lyard,2013/05/24,F,3551864863641870,1,RU,Crimson,Red
934,Remus,Gloster,2012/12/23,M,56022315517085997,4,US,Maroon,Yellow
935,Ezequiel,Gueny,2005/07/31,M,3533772105355428,2,CN,Red,Maroon
936,Emmerich,Caseri,2005/04/30,M,30489700997744,2,FR,Mauv,Orange
937,Fred,McKennan,2012/04/20,F,4911153746317830,4,CN,Aquamarine,Turquoise
938,Imogene,Garbett,2010/11/14,F,67631632427748831,3,NO,Aquamarine,Goldenrod
939,Myrtia,Brodway,2006/11/20,F,5108757915055789,2,BR,Aquamarine,Maroon
940,Ailene,Deverick,2003/12/11,F,633352658923785288,4,RU,Maroon,Blue
941,Shina,Muglestone,2014/10/27,F,6304573463733938788,2,PL,Goldenrod,Orange
942,Leeanne,Chimenti,2010/02/14,F,3580240299504559,2,IT,Teal,Khaki
943,Evania,Lowth,2004/06/27,F,374288100454676,5,FR,Maroon,Aquamarine
944,Marcos,Obray,2010/04/17,M,201807030833490,2,PL,Yellow,Crimson
945,Trisha,Gorbell,2016/04/28,F,3583050530578735,4,IR,Blue,Crimson
946,William,Mattes,2008/08/27,M,4913727319621948,4,PL,Mauv,Green
947,Dunn,Fassman,2016/12/29,M,5471513711171364,1,ID,Violet,Fuscia
948,Lorenza,Melonby,2013/10/25,F,3567236355993733,1,ID,Teal,Turquoise
949,Leia,Rosnau,2007/05/06,F,4026298973707435,1,PE,Pink,Turquoise
950,Corene,Pelfer,2009/08/10,F,3584163072057593,5,NG,Violet,Aquamarine
951,Corly,Pendrich,2009/06/24,F,3578894012997344,3,PE,Khaki,Green
952,Denyse,Kincey,2015/07/28,F,6709566351231506562,3,SA,Fuscia,Green
953,Thatch,Corbould,2006/12/20,M,5610029444700900,3,JP,Maroon,Orange
954,Elinor,Linger,2006/07/15,F,561071451214087330,4,ER,Indigo,Fuscia
955,Hank,Squeers,2008/05/06,M,3588199733914588,4,ID,Pink,Green
956,Saunder,Scouler,2016/01/18,M,3568677968769714,1,UA,Blue,Pink
957,Herby,Hartrick,2004/05/26,M,6767683715628386554,1,RU,Crimson,Indigo
958,Davon,Nockells,2011/06/05,M,56105396713476891,1,CN,Yellow,Blue
959,Alex,Siegertsz,2006/10/18,F,5610733434804834,1,FR,Puce,Puce
960,Appolonia,Antczak,2003/05/03,F,3574543458537197,5,NO,Green,Green
961,Roderick,Mengue,2012/08/11,M,5185533855470916,3,RU,Maroon,Teal
962,Andrea,Simione,2014/07/02,F,3535010024541036,2,IL,Violet,Yellow
963,Genia,Keohane,2004/06/03,F,5048370994201325,3,PL,Mauv,Purple
964,Dav,Geistbeck,2018/11/10,M,6374634667730031,4,PL,Purple,Goldenrod
965,Ingaborg,Dobrowolny,2012/04/25,F,5610651313495872,4,RU,Pink,Indigo
966,Hestia,Pearcehouse,2016/03/08,F,3579602613748506,2,JP,Purple,Orange
967,Arlette,Dymocke,2008/09/06,F,201552776988641,3,PT,Fuscia,Mauv
968,Earle,Avraam,2008/08/13,M,3552767473800076,1,RU,Violet,Yellow
969,Chilton,Timbrell,2019/09/29,M,675951936021497915,2,PH,Goldenrod,Khaki
970,Joleen,Vickery,2009/11/13,F,3535502214571310,1,CN,Maroon,Purple
971,Evelyn,Goosey,2010/05/11,M,6762496297026964116,2,UA,Indigo,Orange
972,Rowena,Paley,2005/10/08,F,3547810543752576,5,MA,Fuscia,Turquoise
973,Tam,Draayer,2003/12/09,M,3580615938736706,5,CN,Orange,Puce
974,Denny,Ibbott,2017/12/17,M,5602249344188465,3,CN,Aquamarine,Fuscia
975,Jessalin,Blanning,2010/11/21,F,5100171452022749,3,SE,Pink,Teal
976,Meryl,Gianelli,2011/07/17,M,6333708366551716573,1,PH,Violet,Yellow
977,Mavra,Fewless,2020/02/16,F,633110879044972026,2,BW,Indigo,Red
978,Claus,Lawlings,2007/03/28,M,3566144825233972,3,CU,Pink,Blue
979,Sela,Syratt,2005/03/01,F,5010127572514683,3,US,Teal,Teal
980,Maryl,Bodocs,2011/02/28,F,3543808492541705,4,RU,Puce,Maroon
981,Gun,Calken,2012/06/08,M,5048377184896459,2,RU,Puce,Goldenrod
982,Aylmar,Hauxley,2009/06/17,M,3586643806952969,2,CL,Indigo,Indigo
983,Niles,Tuffin,2015/03/16,M,3583369580459921,4,CZ,Teal,Indigo
984,Donalt,Matyushenko,2020/01/08,M,3567729461240452,4,PS,Maroon,Puce
985,Mario,Nathon,2017/04/01,M,5893818582798910065,3,PH,Aquamarine,Orange
986,Veronike,Goodbairn,2014/03/12,F,5048377617844480,4,IE,Goldenrod,Goldenrod
987,Riccardo,Gabotti,2016/05/09,M,5331668069722885,2,BY,Violet,Turquoise
988,Cortie,Standage,2013/12/18,M,3539177332421239,1,CZ,Puce,Blue
989,Rogers,Borges,2005/10/13,M,3555417906658926,1,CN,Pink,Fuscia
990,Berne,Parell,2006/07/18,M,4026355308217850,1,CN,Aquamarine,Pink
991,Brana,McGettigan,2011/09/05,F,6388240238111422,4,CN,Fuscia,Blue
992,Tyler,Skyppe,2004/07/10,M,3533346985910055,3,BR,Khaki,Indigo
993,Town,Drewitt,2008/02/02,M,5366803650597762,3,SI,Blue,Blue
994,Ira,Pree,2005/11/02,F,560221738935801465,1,GT,Violet,Khaki
995,Jen,Swane,2003/05/14,F,377859590237271,5,BO,Crimson,Indigo
996,Allyson,Longmaid,2002/12/27,F,5602222519851712,2,MM,Aquamarine,Green
997,Thaddus,Fitzjohn,2015/11/13,M,493688000106091800,4,RU,Maroon,Aquamarine
998,Phedra,Baylay,2015/07/08,F,3572384657827986,1,ID,Indigo,Teal
999,Edlin,Kelso,2018/06/10,M,3531556536331856,5,UA,Goldenrod,Purple
1000,Mina,Glyne,2018/09/10,F,6706147753992149710,5,CN,Puce,Puce
